,,tensor_nodes,max_nodes,pos_max_nodes,min_nodes,pos_min_nodes
0,"tensor(1255, device='cuda:7')","tensor(indices=tensor([[  26,  414,  885,  895, 1092, 1233, 1255, 1817, 1849,
                        2474]]),
       values=tensor([-5.9558e-04,  3.0919e-02,  2.4185e-02, -1.3336e-02,
                      -1.3390e-03,  1.2314e-02,  6.1502e-01, -3.8470e-03,
                       3.1213e-01,  2.4557e-02]),
       size=(2835,), nnz=10, layout=torch.sparse_coo)",0.31212902069091797,1849,-0.013336315751075745,895
1,"tensor(1501, device='cuda:7')","tensor(indices=tensor([[  24,   26,  101,  125,  129,  135,  140,  180,  215,
                         232,  414,  437,  443,  480,  500,  503,  524,  572,
                         593,  633,  658,  677,  699,  704,  723,  728,  745,
                         759,  788,  798,  810,  829,  885,  895,  941,  947,
                         979, 1024, 1036, 1037, 1092, 1146, 1228, 1233, 1257,
                        1287, 1334, 1403, 1464, 1501, 1514, 1532, 1539, 1544,
                        1548, 1559, 1632, 1641, 1670, 1719, 1721, 1733, 1763,
                        1770, 1780, 1817, 1849, 1884, 1890, 1973, 2031, 2035,
                        2066, 2068, 2204, 2220, 2254, 2267, 2316, 2350, 2474,
                        2520, 2586, 2798, 2834]]),
       values=tensor([ 3.5693e-02, -1.6316e-02,  6.9863e-03,  3.0000e-01,
                       5.1314e-02,  4.1795e-03,  3.4186e-02,  7.0583e-01,
                       6.3534e-02,  5.1621e-03, -3.8155e-02,  3.2918e-03,
                      -1.3326e-01,  1.7984e-01, -1.8535e-01,  1.3889e-03,
                      -4.7045e-01,  3.6496e-03, -9.6117e-02,  5.8577e-02,
                      -5.0503e-04,  6.7040e-02,  7.2233e-04,  3.6851e-03,
                       1.7295e-02,  2.4787e-03,  7.6832e-04,  4.8169e-04,
                       1.6052e-03, -2.3534e-03,  7.6969e-03, -1.5966e-03,
                       2.1555e-02, -2.5624e-02,  1.0521e-02,  1.0158e-01,
                       4.0304e-04,  2.2902e-03, -1.2072e-03,  2.5750e-02,
                      -1.1407e-02,  1.4426e-02, -1.3476e-01,  1.0074e-02,
                       3.4160e-03,  3.3534e-04,  1.0869e-02, -5.3468e-02,
                       3.8189e-02,  1.0843e+00, -3.9843e-01,  2.4928e-03,
                      -3.6026e-04, -1.4128e-01, -1.4215e-03,  4.9428e-02,
                       1.2489e-02, -1.3519e-03, -1.5546e-03, -1.6345e-01,
                      -1.3671e-01,  2.9542e-01,  4.8750e-04, -1.4555e-03,
                       1.9311e-04, -8.5710e-03,  1.1931e-01, -1.2638e-03,
                      -1.3791e-04, -1.5931e-03,  3.2140e-03,  1.0136e-03,
                      -9.0317e-03,  2.5076e-01, -7.4199e-02, -6.1857e-03,
                      -1.3933e-01, -1.6135e-01, -6.6710e-04,  3.0667e-02,
                       3.1846e-02,  1.2733e-04, -8.1385e-02, -7.8368e-02,
                      -9.7830e-02]),
       size=(2835,), nnz=85, layout=torch.sparse_coo)",0.7058289051055908,180,-0.47045469284057617,524
2,"tensor(394, device='cuda:7')","tensor(indices=tensor([[  24,   26,   59,   84,  162,  314,  346,  355,  394,
                         414,  446,  525,  633,  677,  847,  885,  895, 1071,
                        1092, 1109, 1141, 1159, 1166, 1199, 1233, 1388, 1528,
                        1559, 1560, 1646, 1724, 1751, 1817, 1839, 1849, 1894,
                        1908, 1923, 2074, 2080, 2097, 2143, 2227, 2388, 2433,
                        2437, 2474, 2538, 2578, 2622, 2628, 2752, 2766]]),
       values=tensor([-1.2491e-01,  2.5666e-02,  6.0027e-02, -1.3784e+01,
                      -8.6264e-03,  1.7978e-03,  1.0732e+01, -2.8388e+00,
                       2.5240e+01,  1.2670e-01,  1.7726e-01, -1.4295e-02,
                      -1.0888e-01, -8.1113e-02, -6.2299e-02,  1.9393e-02,
                       1.3316e-02, -8.6944e+00,  1.6813e-02, -9.4376e-02,
                       5.1057e-02,  2.0870e-02,  4.4494e+00, -1.2552e-03,
                       1.1233e-02, -7.6705e+00,  5.9092e-04, -5.5571e-01,
                      -9.2103e+00, -1.3384e+00, -5.4082e+00, -8.0122e-02,
                      -9.6176e-04, -5.0907e+00,  7.3297e+00, -2.5438e-02,
                       9.2966e-03, -3.2820e+00, -2.2008e+00,  5.3381e-03,
                       3.8480e+00,  2.5277e-02, -1.2002e-02,  3.0339e-03,
                      -3.8530e-03, -9.2708e-03, -7.0595e-04, -3.1662e-02,
                       9.5376e+00,  9.7783e-03,  5.1773e-03,  9.1116e-03,
                       4.5569e-03]),
       size=(2835,), nnz=53, layout=torch.sparse_coo)",10.732274055480957,346,-13.783642768859863,84
3,"tensor(636, device='cuda:7')","tensor(indices=tensor([[  24,   26,   37,   55,   60,   98,  106,  129,  134,
                         175,  232,  241,  246,  254,  277,  365,  397,  414,
                         446,  451,  472,  474,  476,  622,  633,  636,  641,
                         650,  664,  677,  700,  723,  759,  803,  821,  836,
                         853,  875,  885,  895,  902,  941,  994, 1009, 1092,
                        1117, 1134, 1146, 1157, 1173, 1226, 1233, 1241, 1276,
                        1280, 1282, 1284, 1334, 1352, 1373, 1394, 1446, 1449,
                        1486, 1493, 1497, 1515, 1548, 1555, 1559, 1569, 1651,
                        1737, 1763, 1778, 1808, 1817, 1820, 1849, 1875, 1906,
                        1920, 1957, 1973, 2011, 2031, 2040, 2047, 2050, 2096,
                        2120, 2138, 2140, 2188, 2190, 2195, 2294, 2338, 2355,
                        2384, 2396, 2437, 2445, 2453, 2474, 2479, 2569, 2581,
                        2602, 2626, 2698, 2746, 2807, 2826]]),
       values=tensor([-2.2395e-01, -2.1612e-03,  1.1460e-01, -4.3610e-03,
                       4.8703e-03, -3.4790e-03, -9.8315e-04,  6.2376e-03,
                       5.0621e-03,  1.2644e-01,  9.4309e-04,  6.7445e-04,
                       2.1457e-02, -1.1357e-01, -3.1441e-03,  1.4314e-01,
                      -1.0539e-01,  2.6854e-03, -3.7132e-02,  7.5029e-04,
                       5.8960e-02,  4.4765e-02,  9.8124e-02,  3.2302e-02,
                       2.4924e-01, -1.4197e+00,  1.4125e-02,  8.7132e-02,
                       3.0400e-02,  1.7376e-03,  4.4828e-02,  2.7851e-03,
                      -3.2448e-03, -6.6571e-04, -2.7438e-03,  2.0706e-02,
                      -1.1368e-01,  4.9188e-02,  4.9754e-03, -4.0527e-03,
                       2.6749e+00, -1.8981e-02, -2.3237e-02,  1.2922e-01,
                      -1.7225e-03, -1.7869e-01,  8.9045e-02, -1.0958e-03,
                      -5.2936e-03, -7.2309e-02,  5.9259e-02,  2.3364e-03,
                       1.7638e-02,  6.6232e-02,  1.7126e-04, -9.8245e-05,
                       7.0148e-03,  9.2660e-04, -1.2183e-03,  2.9522e+00,
                       3.8407e-02,  3.9007e-02, -4.3450e-03,  2.0224e-04,
                       1.3306e-02,  1.0054e-03,  3.8757e-02,  2.7967e-05,
                       3.6959e-03,  6.6685e-03,  5.5938e-02,  1.2817e-03,
                       3.4790e-02,  1.8990e-04, -2.7088e+00, -6.3220e-02,
                      -1.0710e-03, -1.4411e-03, -7.0264e-01, -9.8289e-02,
                      -1.5832e-03, -7.0827e-02,  5.4550e-03, -4.3122e-04,
                      -1.1176e-02,  5.0440e-05,  1.0109e-03, -1.2753e-03,
                      -3.3315e-03, -7.8381e-02, -5.0886e-02,  1.3712e-03,
                       1.4557e-04, -1.1133e-01, -6.8253e-02, -1.4247e-02,
                      -8.3919e-02, -1.4090e-03,  5.7567e-01, -5.1474e-03,
                      -5.2578e-04,  6.7393e-04, -2.2185e-02,  1.4326e-01,
                       6.5360e-03, -2.5583e-03, -1.4501e-01, -6.4509e-02,
                      -1.3367e-02, -4.6134e-01,  2.0245e-03, -1.5235e-03,
                      -6.7723e-04, -6.0484e-05]),
       size=(2835,), nnz=114, layout=torch.sparse_coo)",2.952216148376465,1373,-2.7087888717651367,1778
4,"tensor(600, device='cuda:7')","tensor(indices=tensor([[  26,  414,  600,  885,  895, 1092, 1233, 1817, 1849,
                        2474]]),
       values=tensor([-5.9560e-04,  3.0919e-02,  6.1502e-01,  2.4184e-02,
                      -1.3336e-02, -1.3390e-03,  1.2314e-02, -3.8470e-03,
                       3.1213e-01,  2.4557e-02]),
       size=(2835,), nnz=10, layout=torch.sparse_coo)",0.31212878227233887,1849,-0.013336330652236938,895
5,"tensor(323, device='cuda:7')","tensor(indices=tensor([[   6,   24,   26,   36,   54,   84,   99,  128,  129,
                         172,  176,  192,  198,  218,  220,  222,  229,  232,
                         241,  274,  323,  377,  383,  390,  414,  437,  442,
                         447,  453,  468,  471,  472,  475,  478,  479,  484,
                         571,  608,  633,  660,  681,  682,  699,  700,  723,
                         728,  736,  739,  810,  821,  883,  885,  895,  899,
                         914,  917,  941, 1018, 1037, 1041, 1045, 1054, 1092,
                        1096, 1113, 1114, 1116, 1131, 1146, 1173, 1176, 1179,
                        1204, 1220, 1227, 1233, 1237, 1272, 1290, 1315, 1325,
                        1334, 1347, 1396, 1411, 1444, 1455, 1464, 1475, 1529,
                        1548, 1559, 1590, 1596, 1599, 1600, 1624, 1651, 1751,
                        1765, 1780, 1793, 1800, 1817, 1849, 1880, 1885, 1934,
                        1936, 1954, 1973, 1983, 1985, 1993, 2002, 2031, 2050,
                        2066, 2077, 2138, 2153, 2159, 2177, 2183, 2191, 2195,
                        2200, 2244, 2251, 2289, 2363, 2382, 2398, 2411, 2453,
                        2471, 2474, 2475, 2490, 2523, 2532, 2547, 2579, 2584,
                        2609, 2611, 2657, 2668, 2679, 2698, 2716, 2746, 2755,
                        2771, 2813]]),
       values=tensor([ 1.8370e-02,  3.1556e-02, -7.3350e-03,  4.5551e-04,
                       1.4529e-02,  1.1010e-03,  1.7120e-04,  7.4858e-04,
                       4.8455e-03,  1.7791e-02, -2.7367e-05,  2.3438e-04,
                       2.5907e-02,  4.9299e-05,  2.3807e-04,  3.3517e-05,
                       2.0767e-02,  2.4039e-02,  4.2549e-04,  8.8896e-04,
                      -9.7085e-02,  3.6046e-04,  1.3158e-02, -2.2795e-04,
                      -1.1079e-02, -5.2669e-05, -7.7071e-03,  9.8568e-03,
                       5.6620e-05,  1.7772e-02,  5.3355e-04,  4.4686e-04,
                      -1.8068e-04,  1.9181e-03,  1.3814e-02,  1.3343e-02,
                       2.7495e-02,  1.0200e-04,  2.5938e-02,  9.6533e-06,
                      -1.2274e-04,  1.0695e-03,  6.6120e-05,  3.8957e-05,
                       2.7771e-03,  4.7658e-03,  2.3761e-02,  8.6302e-05,
                      -1.2314e-03,  4.3500e-05,  3.6504e-03,  1.1952e-02,
                      -1.1427e-02,  8.7222e-04,  4.7247e-04,  2.1473e-02,
                       1.3503e-01,  5.7041e-03,  2.3630e-02,  2.9540e-05,
                       2.1844e-02,  3.0458e-02, -5.2905e-03,  7.1384e-01,
                       2.8669e-02, -1.4623e-04,  7.4224e-05, -1.1257e-02,
                       2.8693e-02,  4.9682e-03, -2.0239e-03,  3.1618e-07,
                       2.9479e-04,  2.3445e-02,  3.0232e-04,  5.2847e-03,
                       7.8021e-03,  2.9565e-02,  1.8026e-05,  7.6963e-03,
                       2.7835e-02,  1.0010e-02, -4.3982e-05,  1.4441e-02,
                       1.2899e-02,  1.6099e-02, -6.7723e-05, -1.8703e-02,
                       2.2743e-02, -1.7592e-04,  1.2554e-03,  7.7414e-03,
                       5.7958e-04, -7.5612e-04,  2.0575e-02,  6.7194e-05,
                      -4.3425e-04, -3.7046e-04,  4.1221e-03,  1.4805e-02,
                      -7.8244e-05, -7.1576e-01, -1.8799e-04, -3.2971e-03,
                      -7.0758e-02,  4.2038e-02,  1.3265e-02,  5.5221e-03,
                      -2.4082e-04,  2.1596e-02, -6.8311e-03, -1.7550e-02,
                       1.0368e-02, -2.7910e-04,  5.2734e-02,  2.2984e-04,
                      -4.2819e-05, -9.3263e-04,  1.2810e-02,  3.2363e-04,
                       2.3401e-02,  2.7556e-05,  1.7593e-03, -1.6927e-04,
                       2.8829e-02, -6.8716e-05,  3.6209e-05,  1.4866e-02,
                       6.9132e-02, -5.7479e-05,  2.9372e-02,  1.5559e-02,
                       6.4076e-02,  9.3323e-04, -1.2471e-02,  1.0534e-05,
                       1.6591e-02,  1.8603e-02,  2.4575e-02, -8.9862e-05,
                       1.0267e-02,  3.0663e-05, -3.8005e-02,  2.5375e-02,
                      -9.1912e-04,  1.9210e-02,  3.3092e-04,  5.0866e-05,
                       1.7573e-02, -1.3941e-03, -1.0510e-01,  8.8725e-04,
                      -2.7132e-03, -1.6348e-04,  3.3928e-02]),
       size=(2835,), nnz=155, layout=torch.sparse_coo)",0.7138432264328003,1096,-0.7157578468322754,1793
6,"tensor(1324, device='cuda:7')","tensor(indices=tensor([[  26,  414,  885,  895, 1092, 1233, 1324, 1817, 1849,
                        2474]]),
       values=tensor([-5.9560e-04,  3.0919e-02,  2.4184e-02, -1.3336e-02,
                      -1.3390e-03,  1.2314e-02,  6.1502e-01, -3.8470e-03,
                       3.1213e-01,  2.4557e-02]),
       size=(2835,), nnz=10, layout=torch.sparse_coo)",0.31212878227233887,1849,-0.013336330652236938,895
7,"tensor(2200, device='cuda:7')","tensor(indices=tensor([[  10,   21,   24,   26,   29,   36,   43,   50,   75,
                          77,   81,   86,   99,  123,  127,  128,  129,  136,
                         158,  174,  176,  185,  205,  218,  222,  232,  234,
                         237,  238,  240,  254,  266,  270,  273,  323,  366,
                         390,  409,  414,  419,  423,  446,  453,  471,  472,
                         486,  491,  507,  531,  537,  572,  591,  608,  616,
                         628,  633,  660,  671,  677,  681,  700,  705,  711,
                         722,  731,  739,  780,  782,  808,  809,  811,  828,
                         853,  884,  885,  895,  898,  912,  914,  937,  941,
                         948,  992,  993,  999, 1018, 1024, 1031, 1041, 1052,
                        1065, 1072, 1092, 1114, 1117, 1185, 1204, 1216, 1223,
                        1233, 1258, 1273, 1280, 1290, 1291, 1293, 1312, 1328,
                        1329, 1339, 1340, 1420, 1421, 1438, 1455, 1493, 1497,
                        1508, 1512, 1532, 1559, 1595, 1596, 1599, 1600, 1619,
                        1626, 1652, 1694, 1705, 1709, 1711, 1742, 1743, 1750,
                        1756, 1758, 1762, 1788, 1800, 1807, 1812, 1817, 1840,
                        1846, 1849, 1880, 1893, 1896, 1913, 1969, 1973, 2007,
                        2023, 2030, 2031, 2050, 2055, 2056, 2087, 2106, 2159,
                        2164, 2170, 2177, 2185, 2187, 2200, 2271, 2278, 2279,
                        2289, 2298, 2355, 2390, 2438, 2445, 2453, 2471, 2474,
                        2512, 2519, 2523, 2538, 2547, 2557, 2560, 2608, 2613,
                        2627, 2668, 2678, 2698, 2702, 2704, 2706, 2713, 2734,
                        2739, 2742, 2762, 2774, 2776, 2823]]),
       values=tensor([ 9.6641e-02, -4.5863e-05, -6.8129e-04,  3.2549e-03,
                       3.8040e-03, -3.8569e-05, -3.2388e-04,  6.1034e-04,
                       1.9684e-03,  1.7788e-03, -2.2796e-04, -1.3303e-03,
                      -5.4858e-04,  1.6623e-02, -3.3849e-03, -6.6085e-05,
                      -2.2581e-05, -8.0960e-05, -4.9809e-05,  1.3394e-02,
                      -9.9679e-06,  1.5842e-03,  1.2690e-02, -3.3043e-06,
                      -1.3014e-05, -8.3731e-05, -4.6046e-04, -9.5894e-04,
                       3.7132e-03, -6.4526e-04, -2.9778e-04, -2.1209e-05,
                       1.4676e-03, -2.8218e-03, -4.1757e-05,  8.2590e-04,
                       3.0475e-03, -9.6448e-05,  1.9298e-02, -2.4116e-03,
                       2.2615e-04,  2.0404e-03, -7.2371e-05, -6.4613e-06,
                      -7.7620e-05, -6.7764e-04,  8.5928e-05, -2.9661e-05,
                      -1.0885e-02,  3.0227e-05,  1.4296e-06,  2.4955e-05,
                       4.1225e-04,  8.0463e-03,  6.2819e-03, -4.4627e-03,
                      -5.2727e-06,  7.4355e-03,  1.3798e-03,  2.6223e-03,
                      -1.8619e-05,  4.5270e-03,  2.3256e-03,  3.2079e-06,
                      -1.0768e-05, -2.5189e-05,  1.7911e-02,  5.4766e-02,
                      -1.5887e-02,  7.2652e-06, -3.4737e-03, -5.4425e-03,
                       8.7648e-04,  6.9856e-03,  9.9225e-04,  2.7634e-03,
                       2.9826e-02,  1.4449e-02, -1.9369e-05,  3.9563e-03,
                      -2.2004e-03,  2.1280e-02,  5.0472e-06, -4.3257e-05,
                       7.8604e-03,  1.4185e-03, -5.7597e-03,  4.5601e-03,
                      -8.5832e-06,  8.8746e-06,  1.1779e-03,  2.2624e-02,
                       2.1611e-03,  2.1560e-05, -1.9109e-04, -1.5611e-04,
                      -3.9380e-05,  1.3843e-03,  2.1893e-02,  6.4198e-04,
                       6.8912e-04,  1.9908e-04,  1.2789e-03, -2.8532e-05,
                       2.2402e-05, -3.9781e-05,  1.1776e-05,  3.0007e-02,
                       1.6049e-05, -4.1627e-04,  3.7414e-02,  2.0336e-04,
                       2.1469e-04,  2.4323e-02, -2.2638e-05, -3.7642e-04,
                       1.3948e-02, -8.5964e-05,  1.5718e-02, -7.1146e-05,
                      -1.6313e-02, -8.9476e-03, -1.9930e-03, -1.6783e-02,
                       7.2855e-04,  1.0864e-05, -4.7693e-04, -1.5510e-03,
                       7.5717e-05,  3.4292e-03,  5.8470e-01,  5.8194e-03,
                      -1.0153e-02,  2.3947e-01, -1.9446e-04,  5.6866e-06,
                      -3.0794e-03, -1.2596e-02, -4.6359e-06,  3.0717e-05,
                       1.8894e-03,  1.5185e-03,  1.9662e-04, -5.0024e-01,
                       9.9370e-04,  7.3441e-02, -3.2703e-04,  4.0406e-02,
                      -5.5226e-03,  7.5211e-04, -1.9195e-02, -3.6301e-05,
                      -1.5606e-02, -5.8834e-03, -8.3007e-03,  1.6977e-04,
                      -1.6447e-03,  1.1447e-03, -7.1874e-03, -6.3827e-03,
                      -1.2852e-02,  8.9303e-05,  4.0703e-04, -2.5475e-04,
                      -3.2176e-03,  6.7264e-03, -4.0548e-03,  7.9916e-02,
                      -2.1361e-02,  3.1172e-04, -1.2477e-02,  9.8914e-05,
                      -7.7253e-06, -1.5011e-02, -1.9025e-05, -2.5289e-02,
                      -1.9353e-03,  5.9139e-04, -5.1771e-06, -1.5276e-03,
                      -5.4710e-03, -6.7946e-03,  4.0756e-05, -1.2398e-03,
                       4.4585e-05,  3.2705e-04, -1.4904e-02, -3.1719e-05,
                      -1.1373e-02, -3.3906e-03,  7.2836e-05,  1.8623e-05,
                      -2.8929e-04, -6.0382e-03,  1.7878e-05,  2.2405e-02,
                      -8.1348e-03, -1.6758e-05,  2.6144e-01, -4.8945e-03,
                      -5.2542e-03, -4.9924e-03, -4.6618e-03, -1.2129e-03]),
       size=(2835,), nnz=204, layout=torch.sparse_coo)",0.5847042202949524,1709,-0.5002375841140747,1840
8,"tensor(2380, device='cuda:7')","tensor(indices=tensor([[  26,   55,   98,  238,  414,  446,  531,  782,  853,
                         885,  895,  902, 1024, 1092, 1157, 1233, 1449, 1817,
                        1846, 1849, 1893, 1913, 2050, 2380, 2474, 2706]]),
       values=tensor([ 1.9499e-03,  1.2218e-02,  1.0461e-02,  1.3429e-02,
                       1.8985e-02,  5.7567e-02, -3.3793e-02,  1.2737e+00,
                       3.1026e-03,  2.2839e-03,  2.0663e-03,  2.6829e+00,
                       3.2411e-04,  1.3592e-03,  1.1767e-02,  8.2350e-04,
                       1.1141e-02,  6.1080e-04,  3.5305e-03, -8.4512e-01,
                       1.7833e-02,  6.8613e-04, -3.6636e-04, -2.2470e+00,
                       4.1672e-04, -8.7169e-04]),
       size=(2835,), nnz=26, layout=torch.sparse_coo)",2.6828839778900146,902,-2.246992826461792,2380
9,"tensor(2516, device='cuda:7')","tensor(indices=tensor([[  26,  414,  885,  895, 1092, 1233, 1817, 1849, 2474,
                        2516]]),
       values=tensor([-5.9560e-04,  3.0919e-02,  2.4184e-02, -1.3336e-02,
                      -1.3390e-03,  1.2314e-02, -3.8470e-03,  3.1213e-01,
                       2.4557e-02,  6.1502e-01]),
       size=(2835,), nnz=10, layout=torch.sparse_coo)",0.31212878227233887,1849,-0.013336330652236938,895
10,"tensor(2321, device='cuda:7')","tensor(indices=tensor([[  26,  414,  885,  895, 1092, 1233, 1817, 1849, 2321,
                        2474]]),
       values=tensor([-5.9558e-04,  3.0919e-02,  2.4185e-02, -1.3336e-02,
                      -1.3390e-03,  1.2314e-02, -3.8470e-03,  3.1213e-01,
                       6.1502e-01,  2.4557e-02]),
       size=(2835,), nnz=10, layout=torch.sparse_coo)",0.31212902069091797,1849,-0.013336315751075745,895
11,"tensor(83, device='cuda:7')","tensor(indices=tensor([[  24,   26,   83,  122,  185,  294,  363,  376,  414,
                         446,  633,  706,  793,  816,  885,  895, 1092, 1149,
                        1233, 1238, 1427, 1508, 1605, 1626, 1652, 1680, 1805,
                        1817, 1846, 1849, 1893, 1987, 2009, 2050, 2278, 2318,
                        2393, 2453, 2456, 2474, 2641, 2823]]),
       values=tensor([-2.6714e-05,  4.5411e-03,  1.8085e-01, -1.4541e-02,
                       1.5651e-02, -4.1159e-04,  2.5991e-03,  1.7727e-03,
                       2.2383e-02,  5.4306e-02,  3.7744e-03, -1.5671e-03,
                      -2.6789e-03, -3.1334e-03,  3.5245e-03,  2.3259e-03,
                       2.9735e-03,  2.9299e-04,  2.0475e-03,  3.7012e-04,
                       2.1701e-01, -3.9269e-03,  8.3202e-03, -3.2509e-03,
                      -1.1485e-02,  9.1113e-03,  5.8736e-03, -1.3179e-04,
                       4.4533e-03,  1.4917e-01,  4.0201e-02,  6.4855e-03,
                      -2.3138e-01,  1.2123e-03,  3.3916e-02,  1.9073e-02,
                       7.4690e-01,  8.9907e-03,  4.5012e-03, -2.2273e-05,
                      -2.7356e-01, -6.5323e-03]),
       size=(2835,), nnz=42, layout=torch.sparse_coo)",0.746903657913208,2393,-0.2735555171966553,2641
12,"tensor(532, device='cuda:7')","tensor(indices=tensor([[  26,  414,  532,  885,  895, 1092, 1233, 1817, 1849,
                        2474]]),
       values=tensor([-5.9560e-04,  3.0919e-02,  6.1502e-01,  2.4184e-02,
                      -1.3336e-02, -1.3390e-03,  1.2314e-02, -3.8470e-03,
                       3.1213e-01,  2.4557e-02]),
       size=(2835,), nnz=10, layout=torch.sparse_coo)",0.31212878227233887,1849,-0.013336330652236938,895
13,"tensor(2199, device='cuda:7')","tensor(indices=tensor([[  26,  414,  885,  895, 1092, 1233, 1817, 1849, 2199,
                        2474]]),
       values=tensor([-5.9558e-04,  3.0919e-02,  2.4185e-02, -1.3336e-02,
                      -1.3390e-03,  1.2314e-02, -3.8470e-03,  3.1213e-01,
                       6.1502e-01,  2.4557e-02]),
       size=(2835,), nnz=10, layout=torch.sparse_coo)",0.31212902069091797,1849,-0.013336315751075745,895
14,"tensor(856, device='cuda:7')","tensor(indices=tensor([[  24,   26,   28,   55,   98,  130,  326,  414,  531,
                         633,  677,  686,  690,  856,  885,  895,  902, 1022,
                        1024, 1092, 1157, 1229, 1233, 1449, 1534, 1559, 1593,
                        1652, 1817, 1826, 1849, 2082, 2466, 2474, 2498, 2706]]),
       values=tensor([-3.4760e-02,  3.0933e-03,  2.8736e-01,  4.0906e-02,
                       3.5568e-02,  2.1564e-01, -2.1664e-02,  5.2339e-02,
                       4.7388e-02, -7.7193e-02, -4.8112e-02,  1.3173e-02,
                      -9.6254e-01,  1.9382e+00,  2.0294e-02, -7.1408e-03,
                      -5.1799e-01, -9.4311e-01, -4.1623e-03,  1.4769e-03,
                       4.1042e-02, -8.5319e-01,  1.0448e-02,  3.7338e-02,
                       2.0944e-03, -2.4109e-02,  1.7786e-01,  6.8218e-03,
                      -2.7100e-03,  7.4223e-02,  8.2404e-01,  9.5882e-03,
                       3.5344e-01,  1.7738e-02,  2.7088e-01,  1.5703e-02]),
       size=(2835,), nnz=36, layout=torch.sparse_coo)",0.8240375518798828,1849,-0.9625422358512878,690
15,"tensor(2639, device='cuda:7')","tensor(indices=tensor([[  26,  414,  885,  895, 1092, 1233, 1817, 1849, 2474,
                        2639]]),
       values=tensor([-5.9558e-04,  3.0919e-02,  2.4185e-02, -1.3336e-02,
                      -1.3390e-03,  1.2314e-02, -3.8470e-03,  3.1213e-01,
                       2.4557e-02,  6.1502e-01]),
       size=(2835,), nnz=10, layout=torch.sparse_coo)",0.31212902069091797,1849,-0.013336315751075745,895
16,"tensor(467, device='cuda:7')","tensor(indices=tensor([[  24,   26,   55,   82,   98,  113,  219,  232,  241,
                         331,  350,  390,  414,  446,  467,  510,  633,  677,
                         681,  885,  895,  902,  974, 1037, 1082, 1092, 1121,
                        1157, 1179, 1226, 1233, 1303, 1370, 1382, 1392, 1449,
                        1493, 1503, 1527, 1630, 1651, 1666, 1699, 1745, 1772,
                        1814, 1817, 1849, 1913, 2031, 2047, 2063, 2125, 2142,
                        2177, 2253, 2372, 2377, 2474, 2601]]),
       values=tensor([ 2.2369e-03, -1.1514e-03, -7.9983e-05,  4.1741e-02,
                      -1.2377e-04, -4.8030e-04, -1.3046e-01, -2.1978e-01,
                      -2.2579e-01, -7.7283e-02, -1.7564e-01,  1.4885e-04,
                       9.3357e-04,  1.5214e+00, -2.4885e-01,  1.7537e-01,
                      -5.9998e-02, -2.8326e-01, -8.4129e-02,  3.1287e-03,
                      -2.7998e-03,  5.5661e-01,  1.7651e+00, -6.3884e-02,
                      -1.1722e-01, -8.8929e-04, -2.0565e+00, -3.2162e-04,
                      -3.3929e-02, -6.7847e-01,  1.5634e-03,  4.8657e-02,
                      -1.6651e-01,  2.2881e-04, -1.1725e-01, -1.8105e-04,
                      -3.5494e-04, -6.0573e-02,  5.5328e-02, -1.0148e-02,
                       1.3004e-01,  1.5582e-01, -8.8773e-02,  4.0029e-01,
                       2.3380e-01,  3.6401e-01, -6.6548e-04, -1.4560e-01,
                       7.6814e-02,  6.5586e-04,  2.1293e-01, -5.6388e-02,
                       5.2648e-03, -3.1112e-02, -3.9104e-02,  1.2472e-03,
                       2.6446e-01, -3.5696e-02,  3.9649e-03,  1.9177e-01]),
       size=(2835,), nnz=60, layout=torch.sparse_coo)",1.765059471130371,974,-2.056520462036133,1121
17,"tensor(819, device='cuda:7')","tensor(indices=tensor([[  26,   55,   59,   98,  162,  201,  282,  314,  414,
                         446,  481,  819,  885,  895,  902, 1092, 1157, 1233,
                        1241, 1449, 1747, 1817, 1849, 1874, 2014, 2119, 2143,
                        2146, 2224, 2227, 2354, 2474, 2538, 2756, 2818, 2819]]),
       values=tensor([-3.6496e-03,  1.0901e-03,  1.3582e-04, -4.5590e-05,
                      -2.0853e-03, -2.9888e-03,  3.4649e-04, -4.1469e-03,
                      -1.5179e-02,  2.1980e-01, -7.0875e-03, -4.5573e-01,
                      -2.3570e-04, -4.6389e-03,  3.4212e-01, -2.2918e-03,
                       2.3961e-03, -2.4371e-04,  1.6182e-02,  1.5630e-03,
                       1.2538e-02, -1.2594e-03, -1.9388e-01,  2.9181e-02,
                       4.4276e-02,  3.4845e-02,  3.8198e-03,  2.5678e-02,
                       3.1590e-03,  2.8386e-03,  4.5054e-02,  1.7718e-03,
                       7.2504e-02,  7.9015e-01,  6.0737e-03,  3.7977e-02]),
       size=(2835,), nnz=36, layout=torch.sparse_coo)",0.7901458740234375,2756,-0.455730140209198,819
18,"tensor(1374, device='cuda:7')","tensor(indices=tensor([[  24,   26,  414,  633,  885,  895, 1092, 1233, 1374,
                        1481, 1817, 1849, 2474, 2481, 2534, 2656]]),
       values=tensor([-3.0835e-01, -1.3400e-03,  8.0188e-02, -2.0039e-01,
                       6.0909e-02, -3.2964e-02, -3.0486e-03,  3.1179e-02,
                       2.7131e+00,  2.1006e-01, -9.8145e-03,  9.2450e-01,
                       6.1442e-02, -1.8199e+00, -2.1842e-01, -4.8735e-01]),
       size=(2835,), nnz=16, layout=torch.sparse_coo)",0.9245004653930664,1849,-1.819915771484375,2481
19,"tensor(2170, device='cuda:7')","tensor(indices=tensor([[  24,   26,   55,   98,  106,  129,  134,  150,  175,
                         232,  246,  254,  274,  277,  365,  397,  414,  446,
                         472,  474,  478,  608,  622,  633,  641,  650,  664,
                         677,  699,  700,  759,  784,  836,  853,  875,  885,
                         895,  902, 1009, 1024, 1037, 1092, 1134, 1157, 1208,
                        1213, 1226, 1227, 1233, 1240, 1241, 1257, 1276, 1282,
                        1284, 1334, 1346, 1352, 1373, 1394, 1446, 1449, 1486,
                        1493, 1497, 1515, 1548, 1555, 1569, 1629, 1808, 1817,
                        1820, 1849, 1875, 1906, 1920, 1957, 1973, 2011, 2031,
                        2093, 2096, 2120, 2140, 2170, 2190, 2200, 2294, 2308,
                        2338, 2384, 2427, 2437, 2474, 2479, 2581, 2698, 2701,
                        2706]]),
       values=tensor([ 2.7129e-02, -1.8808e-03, -4.6518e-03, -3.6840e-03,
                       1.4046e-02,  7.1716e-02, -1.7087e-03, -2.5551e-01,
                       4.0652e-02,  7.7305e-03,  1.8542e-02,  8.9234e-01,
                      -2.0627e-02,  2.0942e-01, -8.1968e-04,  2.6628e-01,
                       2.6056e-03, -3.2079e-02,  5.0342e-02,  3.8686e-02,
                       9.7819e-05,  7.2813e-04,  3.0088e-02,  1.0821e-02,
                       1.2206e-02,  7.5298e-02,  2.6271e-02,  1.7033e-02,
                       4.7522e-04, -3.7750e-02,  3.4415e-05,  1.6859e-02,
                       1.7894e-02,  5.8158e-03,  7.8627e-02,  4.2691e-03,
                      -3.3590e-03, -2.0978e+00,  3.9448e-02,  4.3893e-04,
                       6.6062e-03, -1.5136e-03,  7.6643e-02, -5.5662e-03,
                       2.1802e-03,  6.8599e-03,  5.1158e-02, -1.0541e-02,
                       1.9923e-03,  1.6189e-02,  1.5202e-02, -2.1152e-02,
                       2.0254e-02,  1.0198e-01,  6.0434e-03,  4.2850e-03,
                       7.4223e-04,  1.7425e-01,  2.8035e-02,  4.7940e-03,
                       3.3731e-02, -4.6003e-03,  8.9659e-02,  1.1462e-02,
                       1.2050e-01,  2.2062e-02,  7.3100e-06,  3.9693e-02,
                       4.8340e-02, -9.7327e-03, -5.4635e-02, -9.0741e-04,
                      -1.2417e-03,  3.6788e-01, -4.6753e-02, -1.5855e-03,
                      -1.7165e-02, -1.0755e-03,  1.4656e-02,  6.7667e-02,
                      -3.1169e-02,  2.6495e-02, -5.4942e-02, -4.3976e-02,
                       9.2679e-04,  5.6977e-01, -5.8984e-02,  4.6226e-05,
                      -7.2523e-02, -1.3404e-03, -2.6851e-03, -4.4338e-03,
                       3.2756e-05,  5.8493e-04,  5.6457e-03, -8.4321e-03,
                      -2.8883e-02,  9.4118e-04,  2.9148e-02,  1.3305e-03]),
       size=(2835,), nnz=100, layout=torch.sparse_coo)",0.892335057258606,254,-2.097750663757324,902
20,"tensor(1668, device='cuda:7')","tensor(indices=tensor([[  24,   26,  101,  414,  437,  633,  677,  810,  885,
                         895, 1092, 1233, 1380, 1426, 1591, 1668, 1759, 1817,
                        1849, 2262, 2277, 2299, 2302, 2332, 2474]]),
       values=tensor([-4.6404e-02, -1.2407e-03, -1.9220e-01,  6.8387e-02,
                      -4.4053e-03, -4.6226e-02, -4.7087e-02, -8.5864e-03,
                       5.2339e-02, -2.8446e-02, -2.6767e-03,  2.6798e-02,
                      -5.8602e-02,  3.2892e-01, -1.5091e-01,  1.7219e+00,
                      -1.8376e-01, -8.4887e-03,  7.6193e-01,  6.4520e-02,
                      -3.5869e-01, -2.8786e-01, -4.6413e-01, -1.8797e-01,
                       5.2847e-02]),
       size=(2835,), nnz=25, layout=torch.sparse_coo)",0.761925220489502,1849,-0.46413469314575195,2302
21,"tensor(1258, device='cuda:7')","tensor(indices=tensor([[  24,   26,   55,   98,  136,  234,  414,  453,  491,
                         608,  633,  780,  885,  895,  902, 1024, 1065, 1092,
                        1157, 1233, 1258, 1420, 1449, 1758, 1817, 1849, 2050,
                        2185, 2200, 2279, 2474, 2512, 2706, 2762]]),
       values=tensor([-8.1498e-02,  1.4362e-03,  1.9310e-02,  1.6829e-02,
                       7.1433e-02, -1.3039e-01,  2.4617e-02, -2.7497e-02,
                      -6.1587e-03,  8.3030e-03,  9.1883e-02, -1.4194e+00,
                       9.8209e-03, -3.5739e-03, -2.2755e+00, -2.6037e-02,
                       1.1152e-01,  6.6370e-04,  1.9375e-02,  5.0703e-03,
                       3.2008e+01,  1.2143e-01,  1.7582e-02, -3.4734e-01,
                      -1.3525e-03,  6.9030e-01,  8.0273e-02,  9.6270e-02,
                      -8.5716e-02, -2.8146e-01,  8.6616e-03, -2.2212e-01,
                      -4.6308e-02, -2.7448e+01]),
       size=(2835,), nnz=34, layout=torch.sparse_coo)",0.6902976036071777,1849,-27.44849395751953,2762
22,"tensor(572, device='cuda:7')","tensor(indices=tensor([[   2,   24,   26,   32,   41,  101,  129,  148,  158,
                         197,  204,  211,  232,  296,  309,  329,  358,  414,
                         427,  437,  443,  446,  503,  524,  549,  572,  609,
                         633,  677,  699,  704,  712,  723,  728,  737,  745,
                         778,  810,  885,  887,  895,  929,  941,  947,  992,
                        1026, 1044, 1048, 1052, 1060, 1062, 1092, 1107, 1146,
                        1172, 1180, 1185, 1194, 1226, 1227, 1231, 1233, 1234,
                        1334, 1359, 1378, 1401, 1450, 1464, 1485, 1489, 1494,
                        1501, 1514, 1517, 1532, 1559, 1578, 1580, 1582, 1590,
                        1604, 1613, 1619, 1632, 1636, 1679, 1721, 1725, 1728,
                        1738, 1786, 1817, 1849, 1877, 1900, 1919, 1951, 1973,
                        2040, 2121, 2140, 2200, 2220, 2254, 2272, 2308, 2316,
                        2373, 2385, 2451, 2474, 2501, 2520, 2525, 2546, 2560,
                        2571, 2575, 2586, 2587, 2604, 2608, 2634, 2651, 2654,
                        2662, 2685, 2704, 2711, 2722, 2763, 2771, 2832, 2834]]),
       values=tensor([ 5.8581e-03,  1.1116e-02, -3.0143e-03,  4.0193e-05,
                       3.2630e-03,  1.2135e-02,  1.5970e-02,  6.5097e-03,
                      -2.1793e-03, -5.6531e-05,  7.3825e-03,  1.0865e-02,
                       6.3180e-02,  2.6221e-05,  6.5567e-03,  9.3130e-03,
                      -5.0246e-05, -3.2084e-03,  4.7825e-01,  2.9166e-04,
                       3.6384e-03, -5.9826e-02,  1.8943e-04,  9.9941e-03,
                       4.7384e-03,  3.6913e-02,  2.9142e-05,  7.9646e-03,
                       9.8382e-03,  1.4284e-04,  2.6170e-03,  9.2105e-03,
                      -2.7289e-04, -1.4972e-03,  7.4643e-05,  1.0001e-05,
                       1.6759e-02,  2.7452e-04,  7.5175e-03, -1.3185e-04,
                      -6.2310e-03, -7.7725e-04, -1.1579e-02,  8.2483e-03,
                       8.4562e-05, -1.3196e-04,  5.8126e-03,  1.2043e-02,
                       9.0483e-05,  1.2563e-02, -2.2402e-05, -2.4015e-03,
                       1.3312e-04,  5.5765e-04,  6.6401e-05,  2.3533e-03,
                      -5.1588e-05, -4.7427e-06,  7.5316e-02,  3.8540e-04,
                      -6.7274e-05,  3.6784e-03,  7.5240e-03,  2.2743e-03,
                      -1.5504e-04,  9.7782e-03,  9.7986e-05,  8.7475e-03,
                      -1.0930e-03,  1.0517e-03,  1.0832e-02,  9.4707e-03,
                      -6.3591e-04,  8.7149e-03,  2.2964e-04,  8.0029e-04,
                       9.0436e-03,  1.1270e-02,  8.0689e-03,  1.0179e-02,
                       3.5575e-04,  4.5601e-03,  4.2851e-05,  7.7121e-06,
                       1.0341e-03,  2.7454e-03,  1.4311e-02,  3.1063e-03,
                       2.0850e-03,  9.1059e-05,  7.9310e-05,  4.2783e-03,
                      -1.4340e-03, -2.6540e-03, -9.0627e-05,  3.7813e-05,
                       6.4056e-03,  6.6013e-03, -9.5884e-04,  2.5244e-04,
                       7.2769e-03, -1.0293e-05, -1.4453e-04, -8.3719e-04,
                       3.2831e-03, -1.2501e-04, -1.9348e-04, -1.3566e-04,
                       8.5981e-05,  6.9033e-03,  1.0188e-04,  9.8165e-03,
                       5.6349e-03, -5.1289e-05,  2.0680e-03,  2.8253e-05,
                       7.5715e-04, -4.3350e-04,  6.0250e-05,  5.5401e-03,
                       6.7194e-03,  7.8239e-05, -2.7671e-04,  2.5778e-04,
                       5.1532e-03, -6.3861e-05,  6.8826e-03,  7.0251e-03,
                       5.7806e-05,  7.5286e-03,  7.0709e-03,  1.6118e-04,
                      -4.6292e-05,  5.6349e-03,  6.6442e-03]),
       size=(2835,), nnz=135, layout=torch.sparse_coo)",0.47824764251708984,427,-0.059826284646987915,446
23,"tensor(821, device='cuda:7')","tensor(indices=tensor([[  24,   26,   51,   60,   82,  106,  116,  129,  134,
                         160,  175,  192,  193,  194,  223,  232,  239,  246,
                         248,  254,  274,  289,  301,  307,  323,  369,  390,
                         397,  414,  427,  437,  446,  451,  471,  472,  474,
                         478,  483,  522,  609,  622,  633,  636,  641,  650,
                         656,  664,  677,  682,  699,  700,  721,  723,  728,
                         738,  759,  795,  810,  821,  835,  836,  849,  853,
                         861,  885,  895,  899,  920,  941, 1005, 1009, 1018,
                        1028, 1037, 1074, 1092, 1094, 1116, 1117, 1131, 1134,
                        1146, 1165, 1172, 1226, 1227, 1233, 1239, 1240, 1257,
                        1276, 1280, 1334, 1347, 1355, 1358, 1373, 1446, 1448,
                        1464, 1472, 1479, 1490, 1515, 1532, 1536, 1548, 1559,
                        1569, 1590, 1630, 1634, 1640, 1645, 1651, 1680, 1681,
                        1688, 1718, 1737, 1761, 1780, 1793, 1804, 1808, 1817,
                        1826, 1849, 1870, 1875, 1902, 1920, 1924, 1934, 1935,
                        1936, 1938, 1940, 1945, 1973, 1983, 2002, 2027, 2031,
                        2040, 2043, 2045, 2050, 2066, 2071, 2073, 2096, 2107,
                        2120, 2125, 2140, 2142, 2169, 2172, 2177, 2190, 2195,
                        2211, 2246, 2274, 2283, 2294, 2343, 2358, 2361, 2389,
                        2396, 2410, 2411, 2432, 2436, 2437, 2442, 2443, 2444,
                        2445, 2453, 2461, 2474, 2503, 2505, 2532, 2539, 2581,
                        2585, 2602, 2623, 2644, 2646, 2647, 2684, 2698, 2730,
                        2731, 2737, 2746, 2748, 2768, 2771, 2784, 2807, 2815,
                        2826]]),
       values=tensor([ 7.9264e-03, -3.1674e-03,  2.2562e-04,  7.8461e-04,
                       3.1816e-04,  7.6547e-03,  5.3921e-04,  9.1509e-03,
                       7.1225e-03,  1.4911e-02,  1.8639e-02,  1.8474e-04,
                      -2.8703e-05, -1.7753e-04,  3.1833e-03,  2.2520e-02,
                      -2.0648e-02,  9.6950e-03,  1.2414e-04, -3.7933e-03,
                      -1.1678e-05,  1.3818e-04, -5.0007e-02, -2.0351e-05,
                      -2.9907e-04,  1.4523e-02,  5.8928e-04,  3.7265e-02,
                      -2.5465e-03,  9.6278e-02,  1.2689e-04,  2.5517e-01,
                       6.9783e-05, -1.5930e-05,  2.6751e-02,  2.1452e-02,
                       6.8182e-04, -9.4058e-06,  1.0859e-03,  5.6569e-06,
                       2.1043e-02,  8.5753e-03, -1.1472e-03,  6.4641e-03,
                       4.1868e-02, -3.5287e-04,  1.5060e-02,  3.5334e-03,
                      -3.1548e-05,  2.6710e-04, -1.7872e-02,  8.2406e-05,
                       3.2749e-03,  3.9697e-04, -1.9672e-02,  5.1536e-04,
                      -3.7810e-05, -9.2446e-04,  1.3474e-02,  5.7254e-03,
                       1.4405e-02,  6.5054e-05,  6.8455e-06,  3.4359e-03,
                       7.6260e-03, -6.2172e-03,  4.7379e-05,  1.3362e-02,
                      -5.7226e-04,  1.1132e-02,  2.0058e-02, -9.4396e-03,
                       1.1056e-02, -4.7470e-03, -1.6661e+00, -2.5165e-03,
                       1.2491e-05,  4.7653e-05,  1.5420e-04,  1.0546e-01,
                       4.6966e-02, -4.6937e-03, -3.0464e-05,  5.1430e-05,
                      -3.9519e-02, -5.5760e-03,  3.6009e-03,  7.6365e-02,
                      -5.1430e-05,  1.8248e-04,  1.0247e-02,  3.6780e-04,
                       3.7393e-02, -3.1210e-05, -1.3730e-04, -7.1469e-03,
                       1.4281e-02,  2.6150e-02,  1.1712e-02,  6.3715e-04,
                       4.6565e-02,  1.2470e-02,  3.6228e-02,  1.1788e-02,
                       1.4348e-03, -3.7413e-02, -8.1218e-05,  1.6955e-03,
                       2.7081e-02,  6.8772e-05,  1.1833e-03, -5.7857e-05,
                       6.7843e-03, -1.6106e-01,  5.0909e-03, -1.9418e-04,
                       1.0871e+00,  8.9595e-05,  1.6041e-03,  1.0467e-02,
                      -5.6996e-04, -1.9408e-05, -4.8726e-04, -1.9966e-05,
                      -3.1228e-02, -1.6729e-03, -6.0091e-03, -3.3476e-03,
                      -1.6209e-03, -1.7877e-02,  2.3700e-05, -8.7306e-03,
                      -5.0120e-02, -1.6686e-04, -4.9687e-02, -1.5426e-04,
                       2.1352e-04,  5.7026e-03,  1.9836e-05,  2.2199e-03,
                       1.0212e+00, -1.8055e-02, -6.7194e-05, -1.1150e-04,
                       2.8881e-03,  1.5835e-04, -1.1297e-01, -1.1775e-03,
                       6.1135e-04,  9.2427e-05,  1.0568e-04, -2.3512e-02,
                      -7.8912e-05, -2.5086e-02, -1.1207e-04,  1.8732e-05,
                      -1.7086e-03,  3.8303e-02,  1.8580e-02, -4.6231e-03,
                      -3.3679e-02,  9.2935e-06,  1.7888e-03, -6.8551e-02,
                       1.3510e-05, -1.1977e-04, -4.1012e-02,  1.3377e-02,
                       8.1701e-05,  5.1407e-03, -3.5916e-05, -5.3315e-04,
                       2.3689e-05, -1.0300e-04,  4.4593e-03,  5.5938e-01,
                      -4.1889e-02, -7.9312e-02, -9.2080e-02, -6.0707e-02,
                      -7.5565e-03, -1.3567e-04, -3.6875e-05,  9.8852e-03,
                       1.2375e-02,  3.6526e-04, -5.5148e-02, -8.8636e-05,
                      -1.2916e-03,  1.9600e-04, -2.0789e-03,  1.5395e-05,
                      -7.5049e-05,  6.0758e-03,  1.6860e-03, -3.1867e-03,
                       5.9040e-05, -8.3872e-05,  2.7552e-03,  5.8591e-05,
                      -2.5793e-03, -8.4113e-02, -6.8777e-05, -8.8401e-06,
                       6.7194e-03,  2.6455e-03, -5.9074e-02, -1.4325e-05]),
       size=(2835,), nnz=208, layout=torch.sparse_coo)",1.0871295928955078,1681,-1.6661109924316406,1074
24,"tensor(1349, device='cuda:7')","tensor(indices=tensor([[  26,  414,  885,  895, 1092, 1233, 1349, 1817, 1849,
                        2474]]),
       values=tensor([-5.9558e-04,  3.0919e-02,  2.4185e-02, -1.3336e-02,
                      -1.3390e-03,  1.2314e-02,  6.1502e-01, -3.8470e-03,
                       3.1213e-01,  2.4557e-02]),
       size=(2835,), nnz=10, layout=torch.sparse_coo)",0.31212902069091797,1849,-0.013336315751075745,895
25,"tensor(64, device='cuda:7')","tensor(indices=tensor([[  24,   26,   55,   64,   98,  137,  364,  405,  414,
                         446,  570,  633,  885,  895,  902, 1092, 1106, 1108,
                        1111, 1144, 1157, 1201, 1233, 1449, 1559, 1626, 1817,
                        1849, 1894, 2225, 2437, 2474, 2538, 2781]]),
       values=tensor([-1.6302e-02,  4.2184e-03,  1.4972e-02, -2.4770e+01,
                       1.2640e-02, -3.9407e-02,  4.9142e+01,  3.7037e-03,
                       2.1212e-02, -2.8734e-02, -4.0874e+01, -3.8512e-03,
                       1.9118e-04,  3.5067e-03, -5.5228e+02,  3.0837e-03,
                      -3.0067e+01,  3.2130e+01,  1.4298e-03,  5.2079e+02,
                       1.5046e-02,  3.3187e+01,  2.7984e-04,  1.3847e-02,
                       3.8270e-03, -4.6249e-03,  3.1761e-04,  4.6304e+01,
                       1.5735e-03, -1.1169e-03, -3.7371e-02, -3.0555e-03,
                       1.4441e-01, -3.2670e+01]),
       size=(2835,), nnz=34, layout=torch.sparse_coo)",520.787109375,1144,-552.2772216796875,902
26,"tensor(129, device='cuda:7')","tensor(indices=tensor([[  11,   12,   13,   14,   24,   26,   30,   36,   42,
                          45,   53,   57,   59,   60,   62,   69,   70,   71,
                          76,   78,   80,   88,   89,   92,   96,   99,  101,
                         104,  106,  109,  113,  118,  124,  125,  128,  129,
                         132,  134,  135,  140,  144,  147,  148,  150,  153,
                         154,  158,  164,  165,  166,  167,  175,  176,  179,
                         180,  181,  191,  192,  194,  204,  206,  210,  218,
                         219,  220,  222,  225,  229,  230,  232,  236,  239,
                         241,  242,  246,  248,  250,  254,  258,  274,  277,
                         284,  286,  301,  302,  305,  308,  309,  316,  321,
                         323,  329,  331,  335,  336,  338,  341,  343,  350,
                         365,  367,  368,  369,  377,  384,  390,  395,  397,
                         403,  411,  412,  414,  415,  418,  422,  427,  437,
                         439,  443,  446,  450,  451,  453,  456,  461,  466,
                         469,  471,  472,  474,  475,  478,  480,  488,  492,
                         496,  500,  503,  506,  510,  511,  518,  521,  524,
                         529,  534,  540,  550,  554,  555,  562,  563,  564,
                         572,  573,  574,  578,  582,  586,  596,  598,  608,
                         609,  611,  622,  630,  633,  636,  639,  641,  648,
                         650,  652,  653,  656,  658,  660,  663,  664,  665,
                         670,  677,  678,  681,  682,  688,  693,  696,  699,
                         700,  702,  704,  705,  717,  721,  723,  724,  728,
                         732,  738,  739,  748,  749,  752,  753,  758,  759,
                         779,  784,  785,  786,  788,  797,  808,  810,  812,
                         814,  820,  821,  827,  829,  832,  835,  836,  840,
                         845,  846,  853,  855,  859,  875,  876,  877,  885,
                         886,  890,  895,  896,  899,  900,  913,  914,  915,
                         918,  922,  928,  929,  934,  939,  941,  946,  947,
                         953,  959,  960,  961,  962,  966,  971,  974,  979,
                         989,  991,  992, 1005, 1007, 1009, 1017, 1018, 1020,
                        1024, 1028, 1032, 1034, 1037, 1040, 1041, 1043, 1044,
                        1051, 1052, 1053, 1054, 1057, 1059, 1060, 1063, 1066,
                        1067, 1070, 1071, 1073, 1075, 1082, 1085, 1092, 1095,
                        1096, 1098, 1103, 1105, 1113, 1114, 1115, 1116, 1117,
                        1118, 1121, 1125, 1127, 1128, 1131, 1133, 1134, 1138,
                        1146, 1155, 1161, 1168, 1172, 1173, 1176, 1178, 1179,
                        1180, 1183, 1186, 1192, 1204, 1210, 1213, 1221, 1222,
                        1226, 1227, 1233, 1234, 1237, 1239, 1241, 1246, 1248,
                        1253, 1256, 1257, 1260, 1265, 1269, 1272, 1276, 1282,
                        1284, 1286, 1287, 1290, 1296, 1301, 1313, 1321, 1322,
                        1325, 1334, 1336, 1342, 1345, 1347, 1352, 1355, 1358,
                        1362, 1364, 1367, 1370, 1373, 1376, 1378, 1385, 1392,
                        1394, 1396, 1398, 1401, 1402, 1409, 1414, 1417, 1418,
                        1422, 1442, 1443, 1446, 1447, 1448, 1450, 1451, 1454,
                        1455, 1456, 1460, 1464, 1478, 1485, 1486, 1487, 1489,
                        1490, 1493, 1497, 1498, 1501, 1503, 1504, 1508, 1514,
                        1515, 1517, 1518, 1522, 1523, 1529, 1532, 1536, 1539,
                        1544, 1548, 1551, 1555, 1559, 1564, 1565, 1569, 1571,
                        1572, 1573, 1575, 1578, 1584, 1585, 1586, 1590, 1599,
                        1600, 1602, 1604, 1608, 1614, 1619, 1626, 1629, 1630,
                        1632, 1633, 1634, 1637, 1640, 1641, 1645, 1649, 1650,
                        1651, 1661, 1666, 1670, 1678, 1695, 1696, 1707, 1713,
                        1715, 1717, 1718, 1720, 1721, 1722, 1725, 1732, 1733,
                        1736, 1743, 1745, 1757, 1761, 1763, 1765, 1770, 1772,
                        1780, 1786, 1794, 1795, 1798, 1800, 1808, 1814, 1817,
                        1818, 1820, 1826, 1827, 1831, 1834, 1837, 1849, 1850,
                        1857, 1862, 1865, 1866, 1868, 1875, 1880, 1881, 1884,
                        1886, 1887, 1888, 1890, 1902, 1906, 1907, 1908, 1910,
                        1913, 1919, 1920, 1924, 1931, 1934, 1935, 1936, 1938,
                        1939, 1940, 1950, 1951, 1952, 1957, 1958, 1970, 1971,
                        1972, 1973, 1978, 1983, 1985, 1993, 1995, 2002, 2003,
                        2006, 2011, 2012, 2013, 2018, 2027, 2028, 2031, 2035,
                        2040, 2045, 2047, 2048, 2050, 2051, 2054, 2061, 2066,
                        2072, 2080, 2089, 2092, 2096, 2101, 2102, 2109, 2113,
                        2118, 2120, 2121, 2125, 2129, 2134, 2138, 2140, 2142,
                        2151, 2159, 2163, 2168, 2169, 2170, 2172, 2174, 2177,
                        2183, 2189, 2190, 2194, 2195, 2196, 2200, 2201, 2207,
                        2214, 2215, 2216, 2218, 2220, 2229, 2232, 2234, 2240,
                        2246, 2248, 2250, 2251, 2254, 2267, 2273, 2276, 2281,
                        2283, 2284, 2285, 2289, 2294, 2296, 2305, 2306, 2307,
                        2308, 2311, 2312, 2316, 2320, 2333, 2336, 2337, 2338,
                        2339, 2340, 2344, 2350, 2361, 2362, 2372, 2373, 2381,
                        2382, 2384, 2385, 2388, 2392, 2396, 2397, 2398, 2411,
                        2419, 2420, 2426, 2432, 2434, 2437, 2442, 2444, 2453,
                        2458, 2461, 2463, 2464, 2471, 2473, 2474, 2477, 2479,
                        2480, 2482, 2486, 2491, 2492, 2495, 2497, 2501, 2503,
                        2504, 2518, 2520, 2523, 2525, 2527, 2528, 2532, 2538,
                        2541, 2542, 2547, 2555, 2558, 2559, 2560, 2562, 2565,
                        2566, 2574, 2577, 2579, 2581, 2583, 2584, 2586, 2587,
                        2597, 2602, 2603, 2608, 2609, 2611, 2615, 2616, 2621,
                        2624, 2635, 2636, 2640, 2646, 2648, 2650, 2651, 2654,
                        2657, 2662, 2668, 2670, 2672, 2680, 2685, 2697, 2698,
                        2704, 2706, 2708, 2709, 2711, 2715, 2716, 2717, 2718,
                        2722, 2741, 2745, 2746, 2747, 2748, 2753, 2754, 2765,
                        2771, 2784, 2787, 2788, 2793, 2794, 2798, 2799, 2808,
                        2815, 2822, 2825, 2826, 2831, 2832, 2834]]),
       values=tensor([ 7.3978e-04,  8.4907e-05,  1.8208e-03,  6.0038e-05,
                       3.6382e-03, -1.9563e-03,  1.1819e-04,  6.2344e-05,
                       1.3966e-03, -4.9694e-04, -1.9315e-06,  2.2025e-04,
                       4.5797e-06,  5.3367e-05, -9.6568e-04,  2.9136e-03,
                       9.6101e-05,  1.8760e-04,  2.6883e-05,  1.7489e-03,
                       2.8384e-04,  5.7011e-04,  2.5975e-04,  6.1966e-03,
                       2.6970e-04,  2.5467e-05,  4.9616e-03,  2.1016e-04,
                       2.9528e-03,  3.7451e-05, -5.7391e-05,  5.6063e-04,
                       6.2231e-04,  2.0622e-03,  1.0309e-04,  2.2009e-02,
                       3.0148e-03, -5.7770e-05,  1.2619e-04,  1.6185e-03,
                       3.1428e-02, -8.4825e-04,  1.9105e-03,  3.5947e-01,
                      -1.0270e-04,  2.7170e-03, -5.5057e-04,  1.3454e-03,
                       4.6558e-05,  3.8185e-04,  6.7082e-05,  7.3991e-03,
                      -5.9731e-06,  3.5315e-04,  1.5258e-03,  6.2996e-06,
                       2.8081e-05,  3.5392e-05, -1.5403e-04,  2.0379e-03,
                       6.5616e-06, -1.1421e-03,  6.6161e-06,  2.5974e-02,
                      -6.7159e-03,  4.9508e-06, -1.1427e-03,  3.4599e-03,
                      -1.1648e-03,  1.1217e-02,  1.8681e-06, -3.4812e-03,
                      -3.4127e-02, -3.8260e-04,  5.5221e-03,  8.9419e-04,
                       1.1658e-02,  2.4206e-02,  7.6749e-06, -1.8413e-04,
                       1.0375e-02,  5.1060e-04, -6.0784e-05,  4.7302e-03,
                       4.9971e-06, -1.2958e-04,  2.9235e-05,  1.8232e-03,
                       1.7828e-03, -4.0117e-06, -6.8809e-04,  1.9805e-03,
                      -7.5457e-03,  2.6154e-03, -3.8879e-04,  5.0833e-03,
                       7.3205e-06,  2.0480e-03,  1.0972e-02, -3.4994e-04,
                       1.4310e-04, -8.6009e-04,  3.2154e-03,  3.7851e-05,
                       2.1160e-05,  3.0516e-05, -5.3275e-04,  8.3480e-03,
                      -5.2994e-05,  5.8691e-05,  3.0734e-05,  5.3419e-03,
                       3.0732e-04,  6.4680e-04,  6.9104e-04,  2.7871e-02,
                       1.4105e-04,  2.3098e-03,  1.0227e-03, -1.1833e-01,
                       1.4942e-03,  5.4002e-05,  8.3801e-06,  1.1167e-05,
                      -7.4783e-05,  1.3312e-03,  3.0805e-03,  2.9316e-05,
                       2.0468e-02,  7.5640e-03,  7.7034e-06,  7.6510e-04,
                       2.0068e-03, -5.3007e-04,  2.3596e-03,  1.6753e-03,
                       1.7994e-03, -5.9943e-04,  5.2277e-05, -2.4266e-02,
                       2.2043e-04, -5.3826e-04,  4.6965e-05,  1.6014e-03,
                      -8.1968e-04,  2.1289e-03,  1.6411e-03, -6.7016e-04,
                       1.9138e-03,  4.4102e-04,  4.9865e-06, -5.7685e-04,
                       8.4814e-05,  4.2709e-04,  5.3068e-04, -1.6226e-06,
                       9.5096e-03,  2.2306e-05,  8.1712e-04, -7.6756e-05,
                      -9.9692e-04,  4.7424e-05,  2.6171e-03, -6.4741e-06,
                       7.1247e-03,  2.0562e-03,  2.1076e-02,  4.1175e-05,
                      -9.5379e-05,  2.3320e-03,  1.4673e-03,  1.3627e-02,
                      -8.1959e-04,  2.6501e-03, -8.4232e-05, -1.2445e-05,
                       1.2339e-06,  1.1149e-03,  5.1528e-03,  5.7884e-06,
                      -2.1488e-06,  3.3332e-02, -8.0749e-04, -7.5029e-03,
                       3.9268e-05, -5.1069e-04, -3.8267e-04,  4.8376e-05,
                       3.3535e-02, -7.7608e-03, -3.9789e-04,  1.0730e-03,
                       4.9927e-03, -2.6189e-05,  2.3548e-05,  1.3217e-03,
                       6.2972e-06, -1.1217e-03,  1.0687e-05, -3.3853e-03,
                       1.2747e-05,  1.2555e-03,  1.0390e-02,  1.4639e-04,
                      -2.1170e-04, -1.7947e-05, -4.4829e-04,  4.9052e-05,
                       1.1936e-05, -2.2900e-05, -7.5596e-04,  3.6203e-05,
                      -1.0764e-03,  4.4086e-03, -3.2591e-05, -4.6115e-04,
                       1.8619e-03, -6.9900e-04, -2.2971e-04, -4.6500e-04,
                      -3.3382e-05,  1.7927e-06,  1.4301e-03,  3.4957e-03,
                       1.3165e-03,  1.4691e-04, -9.7343e-04,  1.0866e-03,
                      -4.2251e-04,  7.2404e-04,  1.5474e-02, -2.1994e-04,
                       2.2978e-03,  4.1096e-03, -7.0988e-06,  3.6040e-02,
                      -2.9383e-03, -2.1576e-05,  9.9795e-03,  2.6840e-03,
                       1.9117e-04,  6.6554e-05,  4.4488e-04, -8.3188e-04,
                      -2.0331e-04, -7.9157e-04,  3.9765e-04,  5.4737e-05,
                       8.6489e-05,  1.7994e-02,  2.3082e-03,  1.5729e-03,
                       1.1539e-03, -4.1396e-04,  1.1376e-02,  2.3756e-04,
                       2.0528e-03, -1.2103e-04, -2.1745e-06, -6.4912e-02,
                       9.6983e-06, -9.7492e-04,  1.7900e-03,  2.1873e-05,
                       2.1982e-04, -1.4420e-03,  7.7396e-03,  1.0587e-03,
                       7.1588e-04, -7.9303e-04,  1.5697e-05,  2.9254e-04,
                       1.4214e-03, -6.3416e-05,  4.2660e-03,  6.1066e-05,
                       4.5399e-06, -7.1615e-04,  9.3470e-04,  3.3586e-04,
                       2.3329e-05, -5.2547e-04,  4.3908e-03,  2.3443e-05,
                       1.0914e-03,  2.3280e-03, -6.7178e-04,  4.5530e-03,
                       2.6272e-04, -6.8140e-04,  1.1351e-03, -1.4801e-03,
                       3.4371e-03, -4.9621e-05,  1.0066e-03, -1.5618e-03,
                      -7.4964e-04, -9.1897e-05,  2.1745e-03,  7.9848e-05,
                       1.4627e-03,  4.0780e-03, -1.6611e-05,  2.2791e-03,
                      -2.1593e-04,  3.4168e-05, -2.7160e-04, -1.5274e-02,
                       1.2537e-03, -5.9085e-04, -1.5338e-04, -1.9920e-03,
                       1.2731e-05,  1.5083e-02,  2.4040e-04, -1.0099e-02,
                      -2.8260e-04, -5.8762e-06, -1.0584e-03,  4.6469e-05,
                      -7.8275e-04, -5.8099e-05, -3.2686e-05, -4.0502e-03,
                       2.7607e-02, -3.3399e-04, -5.1654e-04,  1.6443e-03,
                       3.5762e-05,  2.0017e-05,  1.7085e-03,  2.4523e-03,
                      -1.0382e-03,  7.8215e-02,  2.5922e-02,  1.6665e-03,
                       1.5182e-03,  1.7445e-03,  8.8147e-03,  3.1823e-03,
                       2.5479e-03, -2.0266e-03, -4.5512e-04,  5.0817e-06,
                       1.1185e-04,  6.0167e-03, -1.2635e-05,  1.5884e-03,
                       3.9963e-03,  3.9226e-03,  6.7762e-03,  1.0643e-03,
                      -2.1999e-04,  7.2031e-06,  1.9573e-06, -4.1257e-04,
                      -6.1259e-04,  2.5075e-03, -9.0442e-05, -4.3337e-04,
                      -3.4315e-04,  1.2100e-02,  1.8059e-04,  1.8209e-03,
                       4.2570e-03, -4.4939e-05,  7.0966e-03, -3.0548e-04,
                       1.0882e-03, -1.9515e-04,  1.4507e-03,  2.0346e-03,
                      -1.6256e-02,  5.4366e-03, -6.2848e-05,  1.8258e-03,
                      -9.1468e-04, -1.1352e-02,  4.4484e-03,  2.8657e-03,
                       4.9817e-03,  2.4736e-05, -8.9947e-04,  1.5078e-05,
                      -3.9302e-07,  2.0667e-03,  3.8421e-04,  5.9308e-06,
                      -7.3592e-04,  2.3560e-02,  6.5922e-03,  9.3217e-06,
                       2.9251e-03,  1.9938e-03,  1.1313e-05,  1.6023e-03,
                      -9.7951e-06,  1.5900e-03, -2.1356e-03, -1.4263e-02,
                       5.0953e-03,  9.4101e-06, -1.6620e-03, -2.0037e-03,
                       1.9773e-03,  5.0834e-03,  1.9268e-03,  1.5757e-03,
                      -1.0232e-04, -1.6161e-04,  4.0557e-04,  1.2682e-04,
                       3.8661e-05,  1.7665e-03,  3.9193e-03,  2.1032e-05,
                       1.0886e-06, -7.0366e-04,  2.4995e-03, -1.8725e-05,
                       7.0767e-04,  9.0551e-03, -9.3313e-06,  3.7239e-04,
                       1.5264e-02, -5.1648e-04, -1.8494e-03,  5.1313e-03,
                      -4.4716e-04, -7.5117e-04,  9.4876e-03, -1.2747e-03,
                       4.5459e-05, -1.7720e-05, -7.4899e-04,  1.9597e-03,
                       3.2268e-05, -1.8942e-04,  1.4744e-03, -8.3254e-03,
                       2.7328e-03, -5.0306e-05,  2.7146e-03,  1.5912e-03,
                       2.6285e-03, -2.6192e-05,  1.8582e-06,  3.3605e-03,
                      -3.2137e-04,  7.5846e-04, -6.2371e-04, -7.8038e-03,
                       5.5153e-04,  1.4477e-03, -3.6066e-04, -3.2714e-05,
                      -1.9745e-02, -5.9510e-04,  6.3896e-04,  1.1754e-02,
                      -1.8017e-04,  1.5066e-02, -3.5463e-05, -8.6433e-05,
                      -3.3140e-05,  1.6268e-03,  2.7745e-05,  7.0700e-04,
                       2.3706e-04, -1.6791e-05,  9.4829e-03, -5.1798e-02,
                       1.1140e-03,  1.1026e-02,  9.5818e-04,  1.4375e-03,
                       1.2849e-03,  8.3362e-05, -6.6349e-04,  3.8576e-02,
                       1.4598e-03, -4.9891e-05,  1.1521e-04,  1.7561e-03,
                      -1.0095e-03,  2.1971e-02,  1.7021e-04, -3.8518e-03,
                       2.7465e-03, -6.1040e-06,  2.1001e-03, -1.8251e-05,
                      -1.0767e-02,  3.5065e-02, -1.3269e-03, -1.3521e-04,
                      -2.4550e-04, -1.0179e-03, -1.4266e-06,  1.0887e-03,
                       1.3653e-03,  1.1829e-03,  1.8859e-03,  3.0228e-04,
                      -3.6568e-06, -1.7256e-04,  1.2615e-03,  1.0234e-03,
                      -4.5572e-04, -8.8011e-03,  2.8517e-04,  5.4145e-04,
                      -3.3353e-05,  2.0310e-03,  7.5111e-05,  6.5033e-04,
                       2.2185e-04, -1.1002e-05, -2.4453e-04,  6.2919e-04,
                      -3.7827e-04,  1.1287e-04,  7.3965e-03,  2.0417e-03,
                      -3.3232e-03, -1.7548e-02,  1.2038e-03,  3.1555e-03,
                      -1.3898e-02, -2.8245e-05, -8.0974e-05,  9.7004e-04,
                       1.3519e-03, -9.0261e-05,  1.7627e-03,  1.7088e-04,
                      -1.9558e-04, -3.8352e-06,  1.7037e-03, -9.3280e-05,
                      -1.0420e-05,  1.1632e-02, -5.0286e-02,  1.9413e-01,
                       1.3762e-03, -2.8691e-05,  1.4367e-03, -9.1112e-03,
                       1.4709e-03,  4.6588e-04, -6.1203e-02,  1.7010e-03,
                      -6.5825e-06,  2.6437e-03, -1.0418e-05, -9.3592e-04,
                      -8.5938e-03, -2.6184e-04,  2.9565e-02, -3.1439e-02,
                       2.0579e-02,  2.1957e-04,  9.0088e-05,  5.0960e-03,
                       8.6736e-04,  1.2467e-03,  5.1936e-03, -1.7754e-04,
                       3.1819e-03,  1.2178e-03, -1.4211e-03, -9.2021e-03,
                       1.7563e-04,  5.0132e-04,  3.3758e-04,  3.5707e-04,
                       2.7088e-03, -8.6772e-03,  2.5577e-03,  2.0552e-04,
                      -1.9268e-05,  3.5037e-03,  5.0320e-05,  2.5332e-04,
                       7.2461e-04, -7.5248e-05,  3.7224e-06,  3.1465e-04,
                       2.7040e-03,  1.4709e-03, -1.5749e-03,  1.0029e-04,
                       2.5030e-05, -9.9009e-03, -1.6176e-05,  2.5239e-03,
                      -1.1635e-02,  2.6471e-05, -1.9068e-04, -6.4299e-05,
                      -3.1582e-05,  3.3430e-03,  2.4486e-03,  9.5511e-04,
                      -2.2782e-04, -6.6948e-05, -5.9136e-05,  2.0546e-03,
                       2.8156e-03,  2.5449e-04, -4.0444e-04,  1.8405e-03,
                      -1.0655e-02, -7.5346e-05,  4.5251e-04,  1.0356e-02,
                       1.1746e-03,  1.4252e-03,  1.4667e-03,  3.1182e-04,
                      -1.6105e-04, -2.2423e-05,  4.9089e-04,  1.1954e-02,
                      -8.2157e-06, -1.4044e-02, -2.6697e-04, -8.2648e-06,
                      -1.9077e-04,  3.2839e-05, -9.1570e-04, -8.0756e-05,
                       2.0006e-03, -1.2777e-05,  2.8869e-03,  6.6795e-05,
                       2.9060e-03,  4.8947e-06, -4.8241e-04,  1.7881e-03,
                       1.9481e-03, -1.2779e-05,  6.5360e-04,  1.1308e-03,
                       1.6351e-03,  2.5522e-02,  3.5335e-05, -5.5986e-05,
                       1.5943e-03, -1.0226e-04,  1.8156e-03,  1.2917e-03,
                       9.5295e-04, -4.6347e-04,  1.0345e-03,  1.5162e-03,
                       1.4211e-04, -1.7528e-02,  1.4453e-03,  1.7705e-04,
                       9.8253e-04,  8.4024e-04,  1.5233e-02, -2.2386e-02,
                       2.9818e-04, -3.4610e-04,  4.3236e-05, -3.3156e-04,
                       6.8375e-04, -2.6523e-02,  1.6930e-06,  3.2032e-04,
                       5.1796e-03,  4.7843e-05, -1.4696e-03,  1.4560e-03,
                       4.4709e-03,  2.3680e-04,  1.6518e-03,  6.2974e-04,
                       8.3694e-06,  5.6240e-04,  1.4876e-03,  2.9322e-03,
                       4.5635e-04,  9.0255e-04, -1.1836e-05, -1.2829e-05,
                       9.9118e-04,  1.5397e-03, -9.2379e-06,  1.1751e-03,
                       1.0699e-05, -7.8110e-06, -1.0772e-03,  4.5998e-06,
                       4.3962e-04,  9.5834e-04,  2.9723e-03,  5.3521e-04,
                      -5.0457e-05, -2.8533e-02, -7.2073e-06,  2.0081e-03,
                       1.0476e-03, -5.0311e-03, -5.2741e-03,  2.3851e-04,
                       3.1904e-03,  1.6419e-03,  2.0187e-03, -4.9132e-05,
                       1.5929e-03,  4.3817e-04, -7.1286e-05,  3.2389e-03,
                       3.7449e-04, -2.5951e-06, -2.2869e-05, -1.9736e-05,
                       6.4852e-04,  2.0713e-03,  3.4732e-03,  2.2331e-04,
                       1.3082e-03, -4.0129e-04,  1.3205e-03,  1.7187e-03,
                       3.3637e-05,  7.7969e-04,  1.8102e-03,  7.0816e-06,
                       9.9896e-04,  8.0734e-04, -2.1877e-02,  2.1842e-03,
                       2.6339e-03,  3.9593e-04,  1.4817e-05,  1.2676e-04,
                      -5.4666e-02,  1.1947e-03, -4.0036e-03,  3.9968e-03,
                      -1.4619e-02,  9.4160e-04,  1.9817e-03,  2.1168e-03,
                       2.2763e-03, -4.6346e-04,  7.2466e-05,  1.9575e-04,
                      -8.6128e-03, -3.5634e-04,  1.2409e-03, -6.3272e-05,
                       1.5085e-03,  1.2539e-03, -4.3525e-04, -5.1019e-02,
                       2.2390e-03,  3.9450e-03,  1.8667e-03, -1.3652e-05,
                       4.2665e-05, -2.4157e-02,  4.1850e-04,  1.7795e-03,
                      -3.8269e-05,  4.0286e-03,  1.5791e-03,  1.6124e-03]),
       size=(2835,), nnz=772, layout=torch.sparse_coo)",0.359474778175354,150,-0.1183319091796875,446
27,"tensor(682, device='cuda:7')","tensor(indices=tensor([[  11,   19,   24,   26,   57,   82,   84,   85,  129,
                         151,  157,  163,  191,  192,  198,  216,  219,  232,
                         239,  241,  249,  268,  280,  284,  290,  299,  301,
                         323,  336,  339,  390,  397,  414,  421,  437,  446,
                         472,  478,  501,  514,  536,  592,  606,  633,  641,
                         647,  677,  682,  693,  699,  700,  710,  717,  723,
                         727,  728,  736,  738,  746,  764,  775,  800,  810,
                         821,  831,  840,  844,  855,  885,  895,  911,  941,
                         942,  943,  955,  961,  980,  995,  998, 1018, 1032,
                        1037, 1040, 1067, 1071, 1092, 1116, 1122, 1138, 1146,
                        1171, 1176, 1199, 1209, 1214, 1217, 1226, 1227, 1233,
                        1239, 1279, 1303, 1334, 1344, 1347, 1356, 1358, 1409,
                        1410, 1418, 1434, 1464, 1468, 1478, 1490, 1491, 1505,
                        1507, 1517, 1525, 1527, 1532, 1536, 1553, 1559, 1574,
                        1575, 1608, 1630, 1631, 1645, 1649, 1653, 1672, 1684,
                        1693, 1699, 1703, 1751, 1773, 1777, 1780, 1784, 1813,
                        1817, 1823, 1826, 1849, 1879, 1880, 1890, 1911, 1912,
                        1924, 1934, 1935, 1936, 1964, 1973, 1975, 1983, 1992,
                        1996, 2000, 2002, 2036, 2040, 2045, 2049, 2050, 2066,
                        2117, 2125, 2142, 2145, 2155, 2177, 2194, 2195, 2216,
                        2226, 2246, 2266, 2296, 2306, 2308, 2346, 2364, 2377,
                        2378, 2381, 2387, 2401, 2437, 2442, 2473, 2474, 2477,
                        2499, 2561, 2570, 2571, 2593, 2602, 2671, 2698, 2746,
                        2748, 2771, 2812, 2815, 2831]]),
       values=tensor([ 2.4761e-03,  5.9182e-04,  2.0001e-02, -2.9331e-03,
                      -3.4764e-03,  4.6721e-04,  4.6686e-04,  1.0933e-03,
                       5.3099e-03, -3.1385e-03,  6.1307e-03,  1.6692e-02,
                      -3.2164e-04,  1.9722e-04, -1.0959e-02,  3.8771e-03,
                       2.2704e-03,  1.2397e-02,  1.5914e-02,  1.2542e-04,
                      -2.4371e-05,  8.8349e-03, -2.4800e-03,  5.0863e-03,
                      -2.4441e-06, -2.9144e-03,  2.6044e-02,  2.6022e-03,
                      -1.9097e-03,  1.1053e-05,  9.1733e-04,  4.6203e-05,
                      -3.9222e-03,  1.3733e-02,  1.2708e-05,  3.4968e-02,
                       4.5129e-03, -4.8780e-04, -8.2610e-03, -1.0040e-04,
                       3.8534e-02, -8.2819e-06,  2.6038e-02,  1.1836e-02,
                       2.3866e-02,  1.2603e-02,  4.4019e-02, -2.5839e-01,
                      -1.3702e-01,  2.4747e-05, -6.9639e-06,  9.4177e-03,
                       3.2685e-03,  4.5901e-03,  5.3504e-03, -1.1706e-03,
                       1.2942e-02,  1.6777e-02,  3.7589e-03,  6.8651e-03,
                       3.0923e-02,  4.1152e-02,  2.8528e-03,  2.1077e-05,
                      -2.9077e-03,  1.5796e-01,  1.4529e-02, -1.5666e-02,
                       7.1563e-03, -5.7783e-03,  2.2997e-02, -3.3066e-03,
                      -9.4065e-05,  1.0316e-02,  2.2163e-02, -6.1810e-03,
                       8.1862e-05,  3.2454e-05, -1.0062e-03,  6.5674e-03,
                       2.0355e-02, -7.8787e-02,  6.4099e-04,  2.6841e-03,
                      -1.0408e-01, -2.3569e-03,  6.0860e-05,  1.3345e-04,
                       2.4559e-03, -7.6981e-03,  5.0572e-03, -3.9954e-04,
                       1.2504e-01, -6.4437e-03, -1.0094e-03,  2.0943e-03,
                       7.4705e-02,  2.3039e-04,  3.4821e-03,  5.0467e-02,
                       2.3652e-02,  3.7961e-04,  8.1770e-02, -7.2227e-03,
                      -3.1074e-05,  1.7872e-02,  4.1502e-02,  1.5783e-04,
                      -6.8507e-03,  3.9147e-03,  4.1807e-03, -8.1939e-02,
                       3.7142e-02,  5.9130e-02,  2.8868e-02, -1.3026e-03,
                      -1.1727e-03,  1.3179e-02,  5.8235e-06,  1.0324e-04,
                       6.1712e-06,  6.7267e-04,  5.1144e-02,  1.9942e-02,
                       6.8095e-03, -1.7189e-05,  3.1826e-02,  1.3766e-01,
                      -6.8956e-03, -5.5986e-06, -1.1208e-01, -5.9975e-03,
                       2.9454e-04,  1.5691e-04,  3.0312e-04,  1.8074e-03,
                       4.5410e-03,  8.4457e-03, -3.3473e-03, -2.0433e-03,
                      -3.1928e-04, -7.6099e-05,  5.7832e-03, -3.5870e-04,
                      -1.3211e-03, -5.8960e-04, -3.8043e-05, -8.6621e-02,
                      -9.3959e-04,  1.0264e-04,  2.0212e-03,  2.6497e-03,
                       7.3319e-03, -9.9587e-02,  8.3271e-04, -4.2340e-02,
                      -1.8074e-04,  2.7898e-04, -5.7254e-04,  8.8198e-04,
                       8.2278e-01,  9.8171e-05,  4.5557e-05,  7.4833e-03,
                      -6.0579e-02, -3.2065e-04,  2.4515e-03, -8.8942e-02,
                      -4.9869e-06, -5.9481e-05,  8.9435e-03,  9.9613e-03,
                       1.0794e-03, -2.0532e-02,  2.7672e-03,  2.0183e-05,
                      -4.3998e-04,  9.3561e-03, -6.5346e-04,  8.9511e-03,
                       4.0281e-03, -6.0927e-02,  8.0286e-03, -2.7034e-03,
                      -1.9589e-03, -8.9421e-05,  1.1999e-02,  6.7706e-03,
                      -9.3248e-05,  4.4836e-04, -7.9226e-04, -1.2871e-03,
                      -1.9130e-03,  8.2875e-02, -6.9262e-02,  3.0958e-03,
                       9.4258e-03, -7.3073e-03,  2.2351e-04,  8.0643e-03,
                       5.9449e-03,  1.1063e-04,  1.6481e-04, -7.8270e-05,
                       4.5449e-04,  1.1930e-04,  2.7234e-04, -4.8855e-02,
                      -3.3331e-04, -1.3809e-03, -1.3485e-01,  1.8284e-02]),
       size=(2835,), nnz=212, layout=torch.sparse_coo)",0.822784423828125,1983,-0.25838589668273926,682
28,"tensor(2500, device='cuda:7')","tensor(indices=tensor([[  26,  414,  633,  677,  885,  895, 1092, 1233, 1300,
                        1817, 1849, 1927, 2474, 2500, 2700]]),
       values=tensor([ 2.3834e-03,  1.4706e-01, -1.7012e-01, -8.6448e-01,
                       3.0392e-02, -1.3642e-02,  6.1878e-04,  1.5950e-02,
                       6.0956e-01, -5.0936e-03,  3.3128e-01,  5.5468e-01,
                       2.8556e-02,  6.7963e-02,  2.6490e-01]),
       size=(2835,), nnz=15, layout=torch.sparse_coo)",0.6095638275146484,1300,-0.8644769191741943,677
29,"tensor(2179, device='cuda:7')","tensor(indices=tensor([[  26,  414,  885,  895, 1092, 1233, 1817, 1849, 2179,
                        2474]]),
       values=tensor([-5.9558e-04,  3.0919e-02,  2.4185e-02, -1.3336e-02,
                      -1.3390e-03,  1.2314e-02, -3.8470e-03,  3.1213e-01,
                       6.1502e-01,  2.4557e-02]),
       size=(2835,), nnz=10, layout=torch.sparse_coo)",0.31212902069091797,1849,-0.013336315751075745,895
30,"tensor(107, device='cuda:7')","tensor(indices=tensor([[  26,  107,  414,  885,  895, 1092, 1233, 1817, 1849,
                        2474]]),
       values=tensor([-5.9558e-04,  6.1502e-01,  3.0919e-02,  2.4185e-02,
                      -1.3336e-02, -1.3390e-03,  1.2314e-02, -3.8470e-03,
                       3.1213e-01,  2.4557e-02]),
       size=(2835,), nnz=10, layout=torch.sparse_coo)",0.31212902069091797,1849,-0.013336315751075745,895
31,"tensor(2433, device='cuda:7')","tensor(indices=tensor([[  24,   26,   59,  103,  259,  314,  346,  355,  394,
                         414,  425,  428,  446,  525,  633,  654,  677,  757,
                         847,  862,  864,  885,  895, 1000, 1071, 1092, 1154,
                        1159, 1166, 1199, 1233, 1351, 1388, 1437, 1440, 1470,
                        1506, 1559, 1560, 1817, 1832, 1839, 1849, 1874, 1894,
                        1908, 1948, 1982, 2026, 2064, 2080, 2097, 2110, 2143,
                        2186, 2224, 2227, 2354, 2388, 2433, 2437, 2474, 2478,
                        2538, 2578, 2628, 2752, 2756, 2766]]),
       values=tensor([-1.3905e-02,  1.0289e-02, -5.5149e-03,  3.3691e-02,
                      -4.6543e-03,  1.9903e-03,  3.2236e-01,  3.2672e-04,
                      -2.8748e-02,  5.0884e-02, -8.2876e-02, -2.2981e-03,
                       7.1262e-02,  2.7009e-03, -1.0092e+00,  9.1267e-03,
                      -1.4037e+01, -2.3965e-01,  1.4760e-02, -2.1645e-01,
                      -2.4267e-02,  7.7762e-03,  5.2935e-03,  2.6517e-04,
                      -1.5676e-01,  6.7622e-03,  8.0331e-02,  7.5193e-03,
                      -2.2110e-03,  9.0582e-04,  4.5086e-03, -1.4792e-03,
                       2.7637e-03, -2.6406e-02, -1.1158e-03,  5.0556e-04,
                      -1.8131e-03,  1.7796e-02,  8.9508e-04, -3.6583e-04,
                       5.8273e+00,  5.9650e-03,  3.8036e-01, -5.2921e-01,
                      -2.8666e-03,  5.0163e-03, -8.4189e-03, -2.0622e-02,
                      -1.0435e-02, -1.1524e-01,  2.0411e-03, -1.0892e-01,
                       3.0375e-01,  5.5629e-03,  8.0324e+00, -7.4625e-03,
                      -5.1388e-03, -3.3274e-01,  5.6729e-04,  1.9152e+00,
                      -5.1646e-03, -2.5639e-04, -2.9881e-03,  4.2464e-03,
                       2.9392e-03, -7.8172e-05,  5.0693e-03,  8.5810e-01,
                       2.7423e-03]),
       size=(2835,), nnz=69, layout=torch.sparse_coo)",8.032428741455078,2186,-14.036933898925781,677
32,"tensor(2534, device='cuda:7')","tensor(indices=tensor([[   9,   24,   26,   55,   72,   98,  220,  414,  424,
                         446,  449,  632,  633,  651,  885,  895,  902, 1092,
                        1117, 1157, 1171, 1179, 1233, 1241, 1327, 1374, 1449,
                        1481, 1482, 1559, 1638, 1648, 1659, 1764, 1770, 1817,
                        1849, 1860, 1882, 1976, 2023, 2047, 2062, 2111, 2327,
                        2395, 2430, 2465, 2474, 2481, 2507, 2534, 2568, 2656]]),
       values=tensor([ 1.0779e-03,  2.4799e-03,  4.4690e-05,  4.4534e-03,
                       1.1475e-02,  3.3981e-03,  3.9440e-03, -3.0895e-03,
                      -4.8573e-03,  3.0981e-01, -1.6828e-03, -4.5839e-03,
                       7.4635e-03,  6.9389e-03, -3.1406e-04, -5.5952e-04,
                      -2.4263e+00,  2.5283e-04,  1.4338e-03,  5.3147e-03,
                      -4.8292e-03, -3.6894e-04, -1.1203e-04,  1.1705e-02,
                       1.7542e-02, -2.0263e-02,  4.3722e-03, -4.3080e-03,
                      -4.6245e-03,  2.6013e-03, -7.8360e-04,  1.2079e-03,
                      -1.7397e-03,  1.4873e-03, -1.5649e-03, -2.9380e-04,
                       7.4018e-01, -9.4423e-03, -5.0708e-03,  7.1558e-02,
                       1.4854e-03,  4.1539e-03,  6.9439e-03, -1.1142e-03,
                      -2.7728e-03, -1.1008e-04, -1.4660e-02,  9.0955e-01,
                      -6.1930e-04,  8.0376e-02,  1.2028e-03,  1.7754e+00,
                       1.1767e-03, -4.7497e-01]),
       size=(2835,), nnz=54, layout=torch.sparse_coo)",0.9095458984375,2465,-2.426307201385498,902
33,"tensor(1758, device='cuda:7')","tensor(indices=tensor([[  10,   24,   26,   55,   98,  136,  213,  234,  390,
                         414,  446,  453,  531,  608,  628,  633,  681,  885,
                         895,  902,  926, 1024, 1065, 1092, 1157, 1233, 1258,
                        1420, 1449, 1557, 1630, 1692, 1705, 1711, 1758, 1817,
                        1838, 1849, 1893, 2050, 2180, 2185, 2187, 2200, 2279,
                        2439, 2445, 2474, 2512, 2538, 2762]]),
       values=tensor([ 1.1729e+00, -6.8528e-02,  2.9982e-03,  1.0958e-02,
                       9.2320e-03, -2.7200e-03, -4.3031e-02, -3.7139e-02,
                       1.5806e-02,  1.6521e-02, -4.1556e-02,  2.1168e-02,
                       3.4578e-02,  1.9160e-02,  1.5544e+00,  4.6983e-02,
                       8.6042e-03,  5.7572e-04,  2.4695e-03, -3.2298e+00,
                       1.0247e+00, -3.1611e-03,  1.6174e-01,  2.0895e-03,
                       1.0723e-02,  4.5257e-04, -1.1163e-01,  1.4394e-02,
                       1.0044e-02, -8.0781e-02,  4.4240e-03, -5.5105e-02,
                       2.2962e-02,  3.3554e-02,  2.2396e+00,  1.7826e-04,
                       7.5320e-02,  4.6411e-01,  3.4983e-02,  4.9172e-02,
                       1.1188e-01,  1.3017e-01, -3.2444e-01,  1.2755e-01,
                      -2.1753e+00, -6.9098e-03, -7.1944e-03, -1.7659e-03,
                      -2.8266e-01, -7.8865e-04,  3.8161e-02]),
       size=(2835,), nnz=51, layout=torch.sparse_coo)",1.5543947219848633,628,-3.229754686355591,902
34,"tensor(643, device='cuda:7')","tensor(indices=tensor([[  24,   26,   55,   98,  162,  414,  446,  633,  634,
                         643,  755,  885,  895,  902, 1014, 1092, 1100, 1157,
                        1174, 1215, 1233, 1241, 1449, 1493, 1495, 1590, 1817,
                        1849, 1894, 1960, 2059, 2062, 2107, 2224, 2399, 2474,
                        2538, 2628, 2629, 2695, 2818]]),
       values=tensor([ 1.8666e-01, -1.6786e-03, -1.1268e-02, -9.4703e-03,
                       6.8537e-03,  9.1096e-04,  2.9690e-02, -5.7823e-02,
                       1.8588e-02, -1.6996e+00, -1.7381e-02,  4.0110e-04,
                      -5.5568e-04,  2.2590e+00,  1.0445e-02, -1.3687e-03,
                       3.2272e-03, -1.3052e-02, -2.7912e-02,  1.9731e-02,
                       6.8893e-06,  6.5030e-02, -1.0800e-02,  1.0463e-02,
                       1.9642e+00,  9.5336e-03, -2.2261e-05, -8.9171e-01,
                      -3.2524e-02, -2.2704e-02,  3.0204e-02, -1.9147e-02,
                      -1.5273e-02, -3.7015e-03, -3.6262e+00,  1.7242e-03,
                      -2.4964e-01,  1.7765e-02,  1.7915e+00,  1.2951e+00,
                      -9.2696e-03]),
       size=(2835,), nnz=41, layout=torch.sparse_coo)",2.259035587310791,902,-3.626227617263794,2399
35,"tensor(787, device='cuda:7')","tensor(indices=tensor([[  24,   26,   55,   98,  162,  195,  304,  414,  446,
                         521,  565,  609,  632,  633,  651,  747,  787,  857,
                         885,  895,  902, 1024, 1092, 1157, 1233, 1449, 1481,
                        1562, 1813, 1817, 1849, 1860, 1864, 1931, 2021, 2177,
                        2237, 2327, 2351, 2388, 2474, 2590]]),
       values=tensor([-3.9661e-02,  3.7138e-05,  4.7642e-03,  3.6415e-03,
                       2.7585e-04,  3.2659e+00,  2.2866e-03, -2.9623e-03,
                       2.8372e-01, -3.2852e-04,  3.2702e-05, -5.0145e-04,
                      -4.1553e-03, -5.4878e-02,  1.3405e-02,  4.2300e-03,
                       3.7397e+00, -6.7958e+00, -2.5525e-04, -5.9762e-04,
                      -3.7348e-01,  1.3775e-03,  2.5768e-04,  5.6520e-03,
                      -7.9967e-05,  4.6765e-03,  4.9916e-02,  1.6334e-02,
                      -5.9315e-04, -2.9065e-04,  2.6775e-01,  5.9232e-03,
                      -6.6484e-03,  6.7088e-01,  1.0361e-02, -4.9821e-02,
                       8.3775e-03, -6.9578e-03, -1.2481e-02,  5.8298e-04,
                      -5.7322e-04, -9.9565e-03]),
       size=(2835,), nnz=42, layout=torch.sparse_coo)",3.2658567428588867,195,-6.7958478927612305,857
