movie,id,genre
http://imdb.org/mov0015715,383,http://imdb.org/genDrama
http://imdb.org/mov0006254,746,http://imdb.org/genDrama
http://imdb.org/mov0008672,1021,http://imdb.org/genComedy
http://imdb.org/mov0012757,560,http://imdb.org/genDrama
http://imdb.org/mov0013140,580,http://imdb.org/genThriller
http://imdb.org/mov0002101,1461,http://imdb.org/genDrama
http://imdb.org/mov0014031,465,http://imdb.org/genDrama
http://imdb.org/mov0013289,623,http://imdb.org/genDrama
http://imdb.org/mov0007596,1464,http://imdb.org/genDrama
http://imdb.org/mov0013062,414,http://imdb.org/genDrama
http://imdb.org/mov0003565,161,http://imdb.org/genComedy
http://imdb.org/mov0014448,214,http://imdb.org/genThriller
http://imdb.org/mov0010092,1321,http://imdb.org/genDrama
http://imdb.org/mov0008458,367,http://imdb.org/genRomance
http://imdb.org/mov0016975,625,http://imdb.org/genComedy
http://imdb.org/mov0016174,290,http://imdb.org/genDrama
http://imdb.org/mov0006311,729,http://imdb.org/genRomance
http://imdb.org/mov0014937,844,http://imdb.org/genDrama
http://imdb.org/mov0016258,856,http://imdb.org/genDrama
http://imdb.org/mov0015923,154,http://imdb.org/genDrama
http://imdb.org/mov0012519,958,http://imdb.org/genDrama
http://imdb.org/mov0007102,1229,http://imdb.org/genComedy
http://imdb.org/mov0016921,1451,http://imdb.org/genRomance
http://imdb.org/mov0015687,1209,http://imdb.org/genRomance
http://imdb.org/mov0016501,770,http://imdb.org/genRomance
http://imdb.org/mov0013895,1090,http://imdb.org/genDrama
http://imdb.org/mov0011369,233,http://imdb.org/genDrama
http://imdb.org/mov0012464,848,http://imdb.org/genRomance
http://imdb.org/mov0005177,667,http://imdb.org/genDrama
http://imdb.org/mov0013254,1463,http://imdb.org/genRomance
http://imdb.org/mov0008913,507,http://imdb.org/genDrama
http://imdb.org/mov0015438,1052,http://imdb.org/genDrama
http://imdb.org/mov0012844,244,http://imdb.org/genComedy
http://imdb.org/mov0008241,564,http://imdb.org/genDrama
http://imdb.org/mov0015536,494,http://imdb.org/genDrama
http://imdb.org/mov0015248,371,http://imdb.org/genRomance
http://imdb.org/mov0012550,927,http://imdb.org/genDrama
http://imdb.org/mov0013509,1196,http://imdb.org/genDrama
http://imdb.org/mov0007222,97,http://imdb.org/genDrama
http://imdb.org/mov0008290,134,http://imdb.org/genDrama
http://imdb.org/mov0015290,849,http://imdb.org/genRomance
http://imdb.org/mov0014382,486,http://imdb.org/genDrama
http://imdb.org/mov0009653,509,http://imdb.org/genDrama
http://imdb.org/mov0010060,824,http://imdb.org/genDrama
http://imdb.org/mov0013419,300,http://imdb.org/genRomance
http://imdb.org/mov0015207,1183,http://imdb.org/genRomance
http://imdb.org/mov0011159,334,http://imdb.org/genDrama
http://imdb.org/mov0007489,696,http://imdb.org/genDrama
http://imdb.org/mov0013503,13,http://imdb.org/genComedy
http://imdb.org/mov0007328,1375,http://imdb.org/genComedy
http://imdb.org/mov0010484,860,http://imdb.org/genDrama
http://imdb.org/mov0010584,485,http://imdb.org/genRomance
http://imdb.org/mov0006442,1242,http://imdb.org/genDrama
http://imdb.org/mov0008679,1026,http://imdb.org/genComedy
http://imdb.org/mov0015817,1056,http://imdb.org/genComedy
http://imdb.org/mov0014498,336,http://imdb.org/genDrama
http://imdb.org/mov0011217,887,http://imdb.org/genDrama
http://imdb.org/mov0016744,432,http://imdb.org/genDrama
http://imdb.org/mov0004963,1040,http://imdb.org/genDrama
http://imdb.org/mov0012353,1479,http://imdb.org/genComedy
http://imdb.org/mov0006605,1148,http://imdb.org/genDrama
http://imdb.org/mov0011990,792,http://imdb.org/genDrama
http://imdb.org/mov0009677,411,http://imdb.org/genThriller
http://imdb.org/mov0011062,805,http://imdb.org/genDrama
http://imdb.org/mov0011441,1185,http://imdb.org/genDrama
http://imdb.org/mov0009807,1393,http://imdb.org/genDrama
http://imdb.org/mov0003891,1204,http://imdb.org/genDrama
http://imdb.org/mov0013744,981,http://imdb.org/genDrama
http://imdb.org/mov0015969,1349,http://imdb.org/genDrama
http://imdb.org/mov0009040,16,http://imdb.org/genDrama
http://imdb.org/mov0010928,220,http://imdb.org/genDrama
http://imdb.org/mov0014314,731,http://imdb.org/genDrama
http://imdb.org/mov0005362,1439,http://imdb.org/genDrama
http://imdb.org/mov0009270,117,http://imdb.org/genDrama
http://imdb.org/mov0004267,1268,http://imdb.org/genDrama
http://imdb.org/mov0015617,271,http://imdb.org/genComedy
http://imdb.org/mov0015724,1105,http://imdb.org/genThriller
http://imdb.org/mov0013638,302,http://imdb.org/genRomance
http://imdb.org/mov0016551,653,http://imdb.org/genDrama
http://imdb.org/mov0011057,585,http://imdb.org/genComedy
http://imdb.org/mov0010712,293,http://imdb.org/genRomance
http://imdb.org/mov0011689,797,http://imdb.org/genDrama
http://imdb.org/mov0013066,1107,http://imdb.org/genDrama
http://imdb.org/mov0006615,534,http://imdb.org/genDrama
http://imdb.org/mov0013993,1377,http://imdb.org/genRomance
http://imdb.org/mov0011586,381,http://imdb.org/genRomance
http://imdb.org/mov0012557,1397,http://imdb.org/genRomance
http://imdb.org/mov0013502,665,http://imdb.org/genRomance
http://imdb.org/mov0010785,1095,http://imdb.org/genDrama
http://imdb.org/mov0010651,637,http://imdb.org/genDrama
http://imdb.org/mov0006428,405,http://imdb.org/genDrama
http://imdb.org/mov0014311,530,http://imdb.org/genDrama
http://imdb.org/mov0011971,720,http://imdb.org/genComedy
http://imdb.org/mov0011598,493,http://imdb.org/genDrama
http://imdb.org/mov0014496,1274,http://imdb.org/genRomance
http://imdb.org/mov0013950,1087,http://imdb.org/genDrama
http://imdb.org/mov0016677,868,http://imdb.org/genRomance
http://imdb.org/mov0007658,502,http://imdb.org/genRomance
http://imdb.org/mov0008142,5,http://imdb.org/genDrama
http://imdb.org/mov0011045,632,http://imdb.org/genDrama
http://imdb.org/mov0010977,569,http://imdb.org/genComedy
http://imdb.org/mov0012640,240,http://imdb.org/genRomance
http://imdb.org/mov0010131,675,http://imdb.org/genDrama
http://imdb.org/mov0012205,947,http://imdb.org/genDrama
http://imdb.org/mov0006587,259,http://imdb.org/genDrama
http://imdb.org/mov0005162,98,http://imdb.org/genDrama
http://imdb.org/mov0013825,864,http://imdb.org/genDrama
http://imdb.org/mov0008542,182,http://imdb.org/genDrama
http://imdb.org/mov0016690,741,http://imdb.org/genRomance
http://imdb.org/mov0008735,615,http://imdb.org/genDrama
http://imdb.org/mov0012831,1309,http://imdb.org/genDrama
http://imdb.org/mov0008442,330,http://imdb.org/genDrama
http://imdb.org/mov0011093,288,http://imdb.org/genRomance
http://imdb.org/mov0012010,1212,http://imdb.org/genDrama
http://imdb.org/mov0008243,669,http://imdb.org/genDrama
http://imdb.org/mov0009840,30,http://imdb.org/genDrama
http://imdb.org/mov0016900,1319,http://imdb.org/genComedy
http://imdb.org/mov0013506,901,http://imdb.org/genDrama
http://imdb.org/mov0014306,69,http://imdb.org/genDrama
http://imdb.org/mov0012794,1022,http://imdb.org/genDrama
http://imdb.org/mov0014898,1042,http://imdb.org/genRomance
http://imdb.org/mov0003731,173,http://imdb.org/genDrama
http://imdb.org/mov0009480,787,http://imdb.org/genDrama
http://imdb.org/mov0016392,68,http://imdb.org/genDrama
http://imdb.org/mov0013346,808,http://imdb.org/genRomance
http://imdb.org/mov0009418,167,http://imdb.org/genDrama
http://imdb.org/mov0012004,439,http://imdb.org/genDrama
http://imdb.org/mov0016929,1297,http://imdb.org/genRomance
http://imdb.org/mov0004199,284,http://imdb.org/genComedy
http://imdb.org/mov0014146,697,http://imdb.org/genDrama
http://imdb.org/mov0014517,721,http://imdb.org/genDrama
http://imdb.org/mov0010548,605,http://imdb.org/genDrama
http://imdb.org/mov0013413,314,http://imdb.org/genComedy
http://imdb.org/mov0009473,1005,http://imdb.org/genDrama
http://imdb.org/mov0009063,944,http://imdb.org/genRomance
http://imdb.org/mov0012458,919,http://imdb.org/genComedy
http://imdb.org/mov0012666,648,http://imdb.org/genDrama
http://imdb.org/mov0014104,426,http://imdb.org/genComedy
http://imdb.org/mov0005405,907,http://imdb.org/genRomance
http://imdb.org/mov0011443,441,http://imdb.org/genDrama
http://imdb.org/mov0008716,874,http://imdb.org/genRomance
http://imdb.org/mov0008439,388,http://imdb.org/genDrama
http://imdb.org/mov0016967,1276,http://imdb.org/genDrama
http://imdb.org/mov0015020,1480,http://imdb.org/genDrama
http://imdb.org/mov0005580,666,http://imdb.org/genDrama
http://imdb.org/mov0012088,969,http://imdb.org/genDrama
http://imdb.org/mov0015519,1009,http://imdb.org/genComedy
http://imdb.org/mov0013104,1199,http://imdb.org/genDrama
http://imdb.org/mov0011974,366,http://imdb.org/genDrama
http://imdb.org/mov0006330,1146,http://imdb.org/genDrama
http://imdb.org/mov0005745,1491,http://imdb.org/genDrama
http://imdb.org/mov0004628,776,http://imdb.org/genDrama
http://imdb.org/mov0010264,784,http://imdb.org/genComedy
http://imdb.org/mov0015392,88,http://imdb.org/genRomance
http://imdb.org/mov0007622,1157,http://imdb.org/genDrama
http://imdb.org/mov0010408,1039,http://imdb.org/genRomance
http://imdb.org/mov0013119,237,http://imdb.org/genDrama
http://imdb.org/mov0016627,1432,http://imdb.org/genRomance
http://imdb.org/mov0014655,1068,http://imdb.org/genDrama
http://imdb.org/mov0004627,1462,http://imdb.org/genDrama
http://imdb.org/mov0009258,467,http://imdb.org/genComedy
http://imdb.org/mov0016016,1054,http://imdb.org/genDrama
http://imdb.org/mov0014836,600,http://imdb.org/genDrama
http://imdb.org/mov0013534,1069,http://imdb.org/genDrama
http://imdb.org/mov0005639,1389,http://imdb.org/genComedy
http://imdb.org/mov0006596,198,http://imdb.org/genDrama
http://imdb.org/mov0014028,1170,http://imdb.org/genRomance
http://imdb.org/mov0017064,815,http://imdb.org/genDrama
http://imdb.org/mov0009834,120,http://imdb.org/genDrama
http://imdb.org/mov0013887,1037,http://imdb.org/genComedy
http://imdb.org/mov0010058,835,http://imdb.org/genDrama
http://imdb.org/mov0004230,607,http://imdb.org/genDrama
http://imdb.org/mov0016039,832,http://imdb.org/genThriller
http://imdb.org/mov0011758,1412,http://imdb.org/genComedy
http://imdb.org/mov0012329,1143,http://imdb.org/genDrama
http://imdb.org/mov0014829,570,http://imdb.org/genDrama
http://imdb.org/mov0011026,1013,http://imdb.org/genThriller
http://imdb.org/mov0010459,151,http://imdb.org/genDrama
http://imdb.org/mov0016646,1354,http://imdb.org/genRomance
http://imdb.org/mov0010644,553,http://imdb.org/genDrama
http://imdb.org/mov0009813,525,http://imdb.org/genDrama
http://imdb.org/mov0009485,914,http://imdb.org/genComedy
http://imdb.org/mov0012735,221,http://imdb.org/genDrama
http://imdb.org/mov0012116,471,http://imdb.org/genRomance
http://imdb.org/mov0007959,819,http://imdb.org/genDrama
http://imdb.org/mov0016195,1066,http://imdb.org/genDrama
http://imdb.org/mov0009169,135,http://imdb.org/genDrama
http://imdb.org/mov0009252,847,http://imdb.org/genDrama
http://imdb.org/mov0016204,743,http://imdb.org/genDrama
http://imdb.org/mov0010642,280,http://imdb.org/genDrama
http://imdb.org/mov0010040,1155,http://imdb.org/genDrama
http://imdb.org/mov0016094,1083,http://imdb.org/genComedy
http://imdb.org/mov0016065,56,http://imdb.org/genComedy
http://imdb.org/mov0008675,67,http://imdb.org/genDrama
http://imdb.org/mov0004207,440,http://imdb.org/genRomance
http://imdb.org/mov0010395,1366,http://imdb.org/genComedy
http://imdb.org/mov0007199,466,http://imdb.org/genDrama
http://imdb.org/mov0007206,101,http://imdb.org/genDrama
http://imdb.org/mov0010985,93,http://imdb.org/genDrama
http://imdb.org/mov0008889,54,http://imdb.org/genDrama
http://imdb.org/mov0011455,954,http://imdb.org/genRomance
http://imdb.org/mov0010132,571,http://imdb.org/genDrama
http://imdb.org/mov0016241,445,http://imdb.org/genDrama
http://imdb.org/mov0013738,1175,http://imdb.org/genDrama
http://imdb.org/mov0016028,418,http://imdb.org/genComedy
http://imdb.org/mov0013101,1449,http://imdb.org/genRomance
http://imdb.org/mov0008956,879,http://imdb.org/genDrama
http://imdb.org/mov0014915,262,http://imdb.org/genDrama
http://imdb.org/mov0004829,1420,http://imdb.org/genDrama
http://imdb.org/mov0008922,75,http://imdb.org/genDrama
http://imdb.org/mov0016187,427,http://imdb.org/genDrama
http://imdb.org/mov0014964,574,http://imdb.org/genDrama
http://imdb.org/mov0012938,916,http://imdb.org/genRomance
http://imdb.org/mov0010673,1320,http://imdb.org/genRomance
http://imdb.org/mov0016525,430,http://imdb.org/genDrama
http://imdb.org/mov0008945,837,http://imdb.org/genRomance
http://imdb.org/mov0011672,58,http://imdb.org/genDrama
http://imdb.org/mov0012744,365,http://imdb.org/genComedy
http://imdb.org/mov0012861,1373,http://imdb.org/genDrama
http://imdb.org/mov0006908,628,http://imdb.org/genDrama
http://imdb.org/mov0011654,1223,http://imdb.org/genDrama
http://imdb.org/mov0016570,804,http://imdb.org/genDrama
http://imdb.org/mov0008865,403,http://imdb.org/genThriller
http://imdb.org/mov0013693,693,http://imdb.org/genDrama
http://imdb.org/mov0012268,1427,http://imdb.org/genDrama
http://imdb.org/mov0011628,714,http://imdb.org/genDrama
http://imdb.org/mov0005905,587,http://imdb.org/genRomance
http://imdb.org/mov0016244,1416,http://imdb.org/genRomance
http://imdb.org/mov0016634,38,http://imdb.org/genDrama
http://imdb.org/mov0012368,261,http://imdb.org/genDrama
http://imdb.org/mov0015874,823,http://imdb.org/genRomance
http://imdb.org/mov0011914,1194,http://imdb.org/genRomance
http://imdb.org/mov0010792,155,http://imdb.org/genComedy
http://imdb.org/mov0007671,289,http://imdb.org/genComedy
http://imdb.org/mov0016371,192,http://imdb.org/genDrama
http://imdb.org/mov0012091,1043,http://imdb.org/genRomance
http://imdb.org/mov0011707,533,http://imdb.org/genDrama
http://imdb.org/mov0012541,541,http://imdb.org/genRomance
http://imdb.org/mov0016506,144,http://imdb.org/genRomance
http://imdb.org/mov0009273,794,http://imdb.org/genDrama
http://imdb.org/mov0013986,1250,http://imdb.org/genRomance
http://imdb.org/mov0008096,1029,http://imdb.org/genComedy
http://imdb.org/mov0006084,707,http://imdb.org/genDrama
http://imdb.org/mov0013806,1186,http://imdb.org/genDrama
http://imdb.org/mov0012087,1335,http://imdb.org/genDrama
http://imdb.org/mov0013160,73,http://imdb.org/genDrama
http://imdb.org/mov0010871,973,http://imdb.org/genDrama
http://imdb.org/mov0014447,906,http://imdb.org/genDrama
http://imdb.org/mov0010226,586,http://imdb.org/genDrama
http://imdb.org/mov0007582,1134,http://imdb.org/genDrama
http://imdb.org/mov0012183,1301,http://imdb.org/genDrama
http://imdb.org/mov0015324,1123,http://imdb.org/genRomance
http://imdb.org/mov0014775,1001,http://imdb.org/genDrama
http://imdb.org/mov0008344,18,http://imdb.org/genDrama
http://imdb.org/mov0017033,566,http://imdb.org/genRomance
http://imdb.org/mov0006028,1351,http://imdb.org/genDrama
http://imdb.org/mov0012217,491,http://imdb.org/genDrama
http://imdb.org/mov0010281,201,http://imdb.org/genRomance
http://imdb.org/mov0010995,1177,http://imdb.org/genDrama
http://imdb.org/mov0005172,840,http://imdb.org/genDrama
http://imdb.org/mov0011005,710,http://imdb.org/genDrama
http://imdb.org/mov0006269,557,http://imdb.org/genDrama
http://imdb.org/mov0011060,966,http://imdb.org/genDrama
http://imdb.org/mov0003039,304,http://imdb.org/genDrama
http://imdb.org/mov0013999,957,http://imdb.org/genDrama
http://imdb.org/mov0007167,354,http://imdb.org/genComedy
http://imdb.org/mov0005076,392,http://imdb.org/genComedy
http://imdb.org/mov0010833,738,http://imdb.org/genDrama
http://imdb.org/mov0006012,1020,http://imdb.org/genDrama
http://imdb.org/mov0013837,320,http://imdb.org/genComedy
http://imdb.org/mov0011609,212,http://imdb.org/genDrama
http://imdb.org/mov0007823,885,http://imdb.org/genDrama
http://imdb.org/mov0012890,612,http://imdb.org/genDrama
http://imdb.org/mov0010533,862,http://imdb.org/genDrama
http://imdb.org/mov0010088,1113,http://imdb.org/genDrama
http://imdb.org/mov0010440,1112,http://imdb.org/genDrama
http://imdb.org/mov0013152,1358,http://imdb.org/genDrama
http://imdb.org/mov0013695,704,http://imdb.org/genDrama
http://imdb.org/mov0006357,511,http://imdb.org/genDrama
http://imdb.org/mov0005402,962,http://imdb.org/genDrama
http://imdb.org/mov0008725,595,http://imdb.org/genRomance
http://imdb.org/mov0007404,472,http://imdb.org/genDrama
http://imdb.org/mov0010182,1117,http://imdb.org/genComedy
http://imdb.org/mov0006833,1094,http://imdb.org/genDrama
http://imdb.org/mov0013840,1295,http://imdb.org/genRomance
http://imdb.org/mov0015072,492,http://imdb.org/genDrama
http://imdb.org/mov0015259,839,http://imdb.org/genRomance
http://imdb.org/mov0001049,659,http://imdb.org/genDrama
http://imdb.org/mov0011580,463,http://imdb.org/genDrama
http://imdb.org/mov0008032,26,http://imdb.org/genDrama
http://imdb.org/mov0016064,140,http://imdb.org/genRomance
http://imdb.org/mov0010999,459,http://imdb.org/genDrama
http://imdb.org/mov0007989,1152,http://imdb.org/genDrama
http://imdb.org/mov0012000,1251,http://imdb.org/genDrama
http://imdb.org/mov0006482,1203,http://imdb.org/genDrama
http://imdb.org/mov0002642,1357,http://imdb.org/genDrama
http://imdb.org/mov0007901,138,http://imdb.org/genDrama
http://imdb.org/mov0007411,814,http://imdb.org/genDrama
http://imdb.org/mov0017029,1191,http://imdb.org/genComedy
http://imdb.org/mov0008698,350,http://imdb.org/genDrama
http://imdb.org/mov0015231,1091,http://imdb.org/genDrama
http://imdb.org/mov0005832,393,http://imdb.org/genRomance
http://imdb.org/mov0008745,1059,http://imdb.org/genDrama
http://imdb.org/mov0004883,1019,http://imdb.org/genDrama
http://imdb.org/mov0014321,476,http://imdb.org/genDrama
http://imdb.org/mov0015386,898,http://imdb.org/genDrama
http://imdb.org/mov0006400,881,http://imdb.org/genDrama
http://imdb.org/mov0016832,1395,http://imdb.org/genRomance
http://imdb.org/mov0004865,777,http://imdb.org/genDrama
http://imdb.org/mov0008539,200,http://imdb.org/genDrama
http://imdb.org/mov0011116,589,http://imdb.org/genDrama
http://imdb.org/mov0013430,622,http://imdb.org/genRomance
http://imdb.org/mov0016624,991,http://imdb.org/genDrama
http://imdb.org/mov0014474,1399,http://imdb.org/genComedy
http://imdb.org/mov0003854,619,http://imdb.org/genDrama
http://imdb.org/mov0014825,102,http://imdb.org/genDrama
http://imdb.org/mov0005041,125,http://imdb.org/genDrama
http://imdb.org/mov0013754,664,http://imdb.org/genDrama
http://imdb.org/mov0016709,217,http://imdb.org/genDrama
http://imdb.org/mov0008849,854,http://imdb.org/genDrama
http://imdb.org/mov0007192,1440,http://imdb.org/genRomance
http://imdb.org/mov0010208,1501,http://imdb.org/genDrama
http://imdb.org/mov0012701,111,http://imdb.org/genRomance
http://imdb.org/mov0013699,1247,http://imdb.org/genDrama
http://imdb.org/mov0016991,1102,http://imdb.org/genRomance
http://imdb.org/mov0010808,377,http://imdb.org/genComedy
http://imdb.org/mov0007349,650,http://imdb.org/genRomance
http://imdb.org/mov0006435,500,http://imdb.org/genDrama
http://imdb.org/mov0008886,757,http://imdb.org/genDrama
http://imdb.org/mov0016727,579,http://imdb.org/genRomance
http://imdb.org/mov0005519,842,http://imdb.org/genDrama
http://imdb.org/mov0014439,817,http://imdb.org/genDrama
http://imdb.org/mov0007905,503,http://imdb.org/genDrama
http://imdb.org/mov0014039,444,http://imdb.org/genRomance
http://imdb.org/mov0016123,1116,http://imdb.org/genRomance
http://imdb.org/mov0006641,272,http://imdb.org/genDrama
http://imdb.org/mov0010330,143,http://imdb.org/genDrama
http://imdb.org/mov0013130,690,http://imdb.org/genDrama
http://imdb.org/mov0009411,370,http://imdb.org/genDrama
http://imdb.org/mov0007435,479,http://imdb.org/genDrama
http://imdb.org/mov0006780,831,http://imdb.org/genRomance
http://imdb.org/mov0009392,1082,http://imdb.org/genDrama
http://imdb.org/mov0017081,438,http://imdb.org/genDrama
http://imdb.org/mov0014276,867,http://imdb.org/genDrama
http://imdb.org/mov0008796,686,http://imdb.org/genDrama
http://imdb.org/mov0016953,636,http://imdb.org/genDrama
http://imdb.org/mov0014959,474,http://imdb.org/genDrama
http://imdb.org/mov0014572,46,http://imdb.org/genDrama
http://imdb.org/mov0008629,364,http://imdb.org/genDrama
http://imdb.org/mov0015442,353,http://imdb.org/genDrama
http://imdb.org/mov0006182,1132,http://imdb.org/genDrama
http://imdb.org/mov0009743,1414,http://imdb.org/genComedy
http://imdb.org/mov0012422,122,http://imdb.org/genDrama
http://imdb.org/mov0009858,241,http://imdb.org/genDrama
http://imdb.org/mov0014553,740,http://imdb.org/genDrama
http://imdb.org/mov0013134,558,http://imdb.org/genDrama
http://imdb.org/mov0010427,278,http://imdb.org/genDrama
http://imdb.org/mov0012885,361,http://imdb.org/genDrama
http://imdb.org/mov0009208,1085,http://imdb.org/genDrama
http://imdb.org/mov0007896,683,http://imdb.org/genDrama
http://imdb.org/mov0014782,1275,http://imdb.org/genDrama
http://imdb.org/mov0008611,678,http://imdb.org/genDrama
http://imdb.org/mov0011858,988,http://imdb.org/genDrama
http://imdb.org/mov0012779,801,http://imdb.org/genDrama
http://imdb.org/mov0009205,877,http://imdb.org/genDrama
http://imdb.org/mov0012956,527,http://imdb.org/genRomance
http://imdb.org/mov0014359,709,http://imdb.org/genDrama
http://imdb.org/mov0008065,1470,http://imdb.org/genDrama
http://imdb.org/mov0015504,335,http://imdb.org/genDrama
http://imdb.org/mov0006075,133,http://imdb.org/genRomance
http://imdb.org/mov0003084,1363,http://imdb.org/genDrama
http://imdb.org/mov0010618,522,http://imdb.org/genRomance
http://imdb.org/mov0016706,332,http://imdb.org/genRomance
http://imdb.org/mov0006614,758,http://imdb.org/genRomance
http://imdb.org/mov0010779,2,http://imdb.org/genDrama
http://imdb.org/mov0014021,1326,http://imdb.org/genRomance
http://imdb.org/mov0013676,1338,http://imdb.org/genDrama
http://imdb.org/mov0013353,983,http://imdb.org/genDrama
http://imdb.org/mov0010781,1380,http://imdb.org/genThriller
http://imdb.org/mov0012771,1187,http://imdb.org/genDrama
http://imdb.org/mov0010959,436,http://imdb.org/genRomance
http://imdb.org/mov0008967,672,http://imdb.org/genDrama
http://imdb.org/mov0010124,1445,http://imdb.org/genDrama
http://imdb.org/mov0010869,61,http://imdb.org/genDrama
http://imdb.org/mov0009287,146,http://imdb.org/genRomance
http://imdb.org/mov0010770,91,http://imdb.org/genRomance
http://imdb.org/mov0016021,1097,http://imdb.org/genDrama
http://imdb.org/mov0016939,65,http://imdb.org/genDrama
http://imdb.org/mov0007133,86,http://imdb.org/genDrama
http://imdb.org/mov0010926,583,http://imdb.org/genDrama
http://imdb.org/mov0012302,1474,http://imdb.org/genDrama
http://imdb.org/mov0014213,913,http://imdb.org/genDrama
http://imdb.org/mov0015397,359,http://imdb.org/genRomance
http://imdb.org/mov0005983,1159,http://imdb.org/genDrama
http://imdb.org/mov0016803,464,http://imdb.org/genDrama
http://imdb.org/mov0010302,1270,http://imdb.org/genRomance
http://imdb.org/mov0003609,818,http://imdb.org/genRomance
http://imdb.org/mov0008150,1222,http://imdb.org/genDrama
http://imdb.org/mov0012689,267,http://imdb.org/genDrama
http://imdb.org/mov0013203,1368,http://imdb.org/genDrama
http://imdb.org/mov0009780,1328,http://imdb.org/genDrama
http://imdb.org/mov0015468,401,http://imdb.org/genDrama
http://imdb.org/mov0003815,945,http://imdb.org/genDrama
http://imdb.org/mov0017049,850,http://imdb.org/genRomance
http://imdb.org/mov0012343,767,http://imdb.org/genDrama
http://imdb.org/mov0008444,641,http://imdb.org/genDrama
http://imdb.org/mov0009493,918,http://imdb.org/genDrama
http://imdb.org/mov0012192,1446,http://imdb.org/genDrama
http://imdb.org/mov0016477,1332,http://imdb.org/genDrama
http://imdb.org/mov0006895,591,http://imdb.org/genDrama
http://imdb.org/mov0009344,1469,http://imdb.org/genDrama
http://imdb.org/mov0009303,70,http://imdb.org/genComedy
http://imdb.org/mov0006719,1165,http://imdb.org/genThriller
http://imdb.org/mov0007458,812,http://imdb.org/genDrama
http://imdb.org/mov0014936,1077,http://imdb.org/genDrama
http://imdb.org/mov0006581,453,http://imdb.org/genDrama
http://imdb.org/mov0007778,1353,http://imdb.org/genDrama
http://imdb.org/mov0011468,1184,http://imdb.org/genComedy
http://imdb.org/mov0012312,397,http://imdb.org/genDrama
http://imdb.org/mov0012288,204,http://imdb.org/genDrama
http://imdb.org/mov0004866,141,http://imdb.org/genThriller
http://imdb.org/mov0009281,789,http://imdb.org/genRomance
http://imdb.org/mov0011201,933,http://imdb.org/genDrama
http://imdb.org/mov0013145,633,http://imdb.org/genDrama
http://imdb.org/mov0012057,340,http://imdb.org/genComedy
http://imdb.org/mov0006823,1048,http://imdb.org/genDrama
http://imdb.org/mov0014313,922,http://imdb.org/genComedy
http://imdb.org/mov0009070,888,http://imdb.org/genDrama
http://imdb.org/mov0009416,735,http://imdb.org/genComedy
http://imdb.org/mov0013173,689,http://imdb.org/genDrama
http://imdb.org/mov0015014,749,http://imdb.org/genRomance
http://imdb.org/mov0012968,162,http://imdb.org/genDrama
http://imdb.org/mov0008183,748,http://imdb.org/genDrama
http://imdb.org/mov0008519,341,http://imdb.org/genRomance
http://imdb.org/mov0012835,1398,http://imdb.org/genDrama
http://imdb.org/mov0014238,986,http://imdb.org/genDrama
http://imdb.org/mov0013585,313,http://imdb.org/genDrama
http://imdb.org/mov0014546,917,http://imdb.org/genDrama
http://imdb.org/mov0005887,1271,http://imdb.org/genDrama
http://imdb.org/mov0005800,1458,http://imdb.org/genDrama
http://imdb.org/mov0007185,417,http://imdb.org/genDrama
http://imdb.org/mov0016051,876,http://imdb.org/genDrama
http://imdb.org/mov0006574,676,http://imdb.org/genDrama
http://imdb.org/mov0004919,165,http://imdb.org/genDrama
http://imdb.org/mov0016379,798,http://imdb.org/genDrama
http://imdb.org/mov0013154,1343,http://imdb.org/genRomance
http://imdb.org/mov0012529,929,http://imdb.org/genComedy
http://imdb.org/mov0008513,631,http://imdb.org/genDrama
http://imdb.org/mov0015496,960,http://imdb.org/genDrama
http://imdb.org/mov0009573,1060,http://imdb.org/genDrama
http://imdb.org/mov0007255,684,http://imdb.org/genDrama
http://imdb.org/mov0013306,1348,http://imdb.org/genComedy
http://imdb.org/mov0010514,568,http://imdb.org/genComedy
http://imdb.org/mov0006520,1057,http://imdb.org/genDrama
http://imdb.org/mov0014508,717,http://imdb.org/genDrama
http://imdb.org/mov0007004,646,http://imdb.org/genDrama
http://imdb.org/mov0013451,1407,http://imdb.org/genDrama
http://imdb.org/mov0011307,1228,http://imdb.org/genDrama
http://imdb.org/mov0009152,85,http://imdb.org/genDrama
http://imdb.org/mov0009121,1323,http://imdb.org/genRomance
http://imdb.org/mov0013606,23,http://imdb.org/genDrama
http://imdb.org/mov0010141,385,http://imdb.org/genDrama
http://imdb.org/mov0015532,562,http://imdb.org/genRomance
http://imdb.org/mov0005711,759,http://imdb.org/genDrama
http://imdb.org/mov0012752,926,http://imdb.org/genRomance
http://imdb.org/mov0011678,82,http://imdb.org/genDrama
http://imdb.org/mov0014004,379,http://imdb.org/genDrama
http://imdb.org/mov0015482,482,http://imdb.org/genDrama
http://imdb.org/mov0004939,1202,http://imdb.org/genDrama
http://imdb.org/mov0016997,1141,http://imdb.org/genDrama
http://imdb.org/mov0012949,228,http://imdb.org/genDrama
http://imdb.org/mov0007694,1216,http://imdb.org/genDrama
http://imdb.org/mov0009126,706,http://imdb.org/genRomance
http://imdb.org/mov0015946,662,http://imdb.org/genDrama
http://imdb.org/mov0003367,408,http://imdb.org/genDrama
http://imdb.org/mov0009428,1443,http://imdb.org/genDrama
http://imdb.org/mov0004306,1182,http://imdb.org/genDrama
http://imdb.org/mov0013444,236,http://imdb.org/genComedy
http://imdb.org/mov0012307,19,http://imdb.org/genDrama
http://imdb.org/mov0014353,1158,http://imdb.org/genDrama
http://imdb.org/mov0006276,1244,http://imdb.org/genComedy
http://imdb.org/mov0007667,309,http://imdb.org/genRomance
http://imdb.org/mov0006557,1436,http://imdb.org/genDrama
http://imdb.org/mov0017100,216,http://imdb.org/genRomance
http://imdb.org/mov0008962,1476,http://imdb.org/genDrama
http://imdb.org/mov0012129,679,http://imdb.org/genDrama
http://imdb.org/mov0013674,1226,http://imdb.org/genComedy
http://imdb.org/mov0012891,243,http://imdb.org/genDrama
http://imdb.org/mov0014642,871,http://imdb.org/genDrama
http://imdb.org/mov0010768,661,http://imdb.org/genDrama
http://imdb.org/mov0012857,1221,http://imdb.org/genDrama
http://imdb.org/mov0007219,185,http://imdb.org/genDrama
http://imdb.org/mov0013752,976,http://imdb.org/genDrama
http://imdb.org/mov0015816,1494,http://imdb.org/genDrama
http://imdb.org/mov0012475,292,http://imdb.org/genDrama
http://imdb.org/mov0015947,651,http://imdb.org/genDrama
http://imdb.org/mov0014871,296,http://imdb.org/genDrama
http://imdb.org/mov0016644,959,http://imdb.org/genComedy
http://imdb.org/mov0011401,123,http://imdb.org/genDrama
http://imdb.org/mov0011484,107,http://imdb.org/genDrama
http://imdb.org/mov0011844,178,http://imdb.org/genComedy
http://imdb.org/mov0012494,1384,http://imdb.org/genThriller
http://imdb.org/mov0015624,21,http://imdb.org/genRomance
http://imdb.org/mov0015512,956,http://imdb.org/genDrama
http://imdb.org/mov0013135,90,http://imdb.org/genDrama
http://imdb.org/mov0010593,1415,http://imdb.org/genComedy
http://imdb.org/mov0013456,126,http://imdb.org/genDrama
http://imdb.org/mov0007179,688,http://imdb.org/genDrama
http://imdb.org/mov0014189,450,http://imdb.org/genDrama
http://imdb.org/mov0008160,51,http://imdb.org/genDrama
http://imdb.org/mov0012249,413,http://imdb.org/genDrama
http://imdb.org/mov0003299,322,http://imdb.org/genDrama
http://imdb.org/mov0005621,889,http://imdb.org/genDrama
http://imdb.org/mov0007026,52,http://imdb.org/genDrama
http://imdb.org/mov0009828,396,http://imdb.org/genDrama
http://imdb.org/mov0012556,1000,http://imdb.org/genRomance
http://imdb.org/mov0009458,79,http://imdb.org/genRomance
http://imdb.org/mov0009465,307,http://imdb.org/genDrama
http://imdb.org/mov0005957,1153,http://imdb.org/genDrama
http://imdb.org/mov0012423,681,http://imdb.org/genDrama
http://imdb.org/mov0013488,519,http://imdb.org/genDrama
http://imdb.org/mov0017013,63,http://imdb.org/genRomance
http://imdb.org/mov0013890,950,http://imdb.org/genComedy
http://imdb.org/mov0005930,1483,http://imdb.org/genRomance
http://imdb.org/mov0012409,421,http://imdb.org/genDrama
http://imdb.org/mov0008697,1114,http://imdb.org/genDrama
http://imdb.org/mov0014467,621,http://imdb.org/genComedy
http://imdb.org/mov0008148,1352,http://imdb.org/genDrama
http://imdb.org/mov0013662,357,http://imdb.org/genRomance
http://imdb.org/mov0009386,158,http://imdb.org/genComedy
http://imdb.org/mov0007523,255,http://imdb.org/genDrama
http://imdb.org/mov0003171,1390,http://imdb.org/genDrama
http://imdb.org/mov0009517,795,http://imdb.org/genDrama
http://imdb.org/mov0013675,249,http://imdb.org/genRomance
http://imdb.org/mov0011698,254,http://imdb.org/genRomance
http://imdb.org/mov0015966,14,http://imdb.org/genDrama
http://imdb.org/mov0007265,1233,http://imdb.org/genDrama
http://imdb.org/mov0010416,375,http://imdb.org/genDrama
http://imdb.org/mov0016127,1150,http://imdb.org/genThriller
http://imdb.org/mov0010916,153,http://imdb.org/genDrama
http://imdb.org/mov0010564,1287,http://imdb.org/genDrama
http://imdb.org/mov0012078,1447,http://imdb.org/genDrama
http://imdb.org/mov0007692,1162,http://imdb.org/genDrama
http://imdb.org/mov0004473,333,http://imdb.org/genDrama
http://imdb.org/mov0013763,1475,http://imdb.org/genDrama
http://imdb.org/mov0009915,400,http://imdb.org/genThriller
http://imdb.org/mov0016542,1293,http://imdb.org/genDrama
http://imdb.org/mov0016232,363,http://imdb.org/genDrama
http://imdb.org/mov0001175,652,http://imdb.org/genRomance
http://imdb.org/mov0010938,863,http://imdb.org/genDrama
http://imdb.org/mov0012801,1238,http://imdb.org/genDrama
http://imdb.org/mov0011588,268,http://imdb.org/genDrama
http://imdb.org/mov0016078,1410,http://imdb.org/genRomance
http://imdb.org/mov0007745,644,http://imdb.org/genDrama
http://imdb.org/mov0010237,208,http://imdb.org/genDrama
http://imdb.org/mov0011923,1331,http://imdb.org/genRomance
http://imdb.org/mov0011014,42,http://imdb.org/genComedy
http://imdb.org/mov0012477,1080,http://imdb.org/genDrama
http://imdb.org/mov0005098,739,http://imdb.org/genComedy
http://imdb.org/mov0004728,1388,http://imdb.org/genDrama
http://imdb.org/mov0008999,1133,http://imdb.org/genDrama
http://imdb.org/mov0013402,372,http://imdb.org/genRomance
http://imdb.org/mov0011277,218,http://imdb.org/genDrama
http://imdb.org/mov0009142,1346,http://imdb.org/genRomance
http://imdb.org/mov0008930,1093,http://imdb.org/genRomance
http://imdb.org/mov0004911,614,http://imdb.org/genComedy
http://imdb.org/mov0013678,780,http://imdb.org/genDrama
http://imdb.org/mov0004706,1361,http://imdb.org/genDrama
http://imdb.org/mov0013221,732,http://imdb.org/genComedy
http://imdb.org/mov0017001,1448,http://imdb.org/genRomance
http://imdb.org/mov0005192,608,http://imdb.org/genDrama
http://imdb.org/mov0004390,1051,http://imdb.org/genDrama
http://imdb.org/mov0016308,1197,http://imdb.org/genComedy
http://imdb.org/mov0010139,1016,http://imdb.org/genDrama
http://imdb.org/mov0015491,620,http://imdb.org/genDrama
http://imdb.org/mov0005553,504,http://imdb.org/genRomance
http://imdb.org/mov0008878,150,http://imdb.org/genDrama
http://imdb.org/mov0012340,131,http://imdb.org/genComedy
http://imdb.org/mov0011522,273,http://imdb.org/genComedy
http://imdb.org/mov0014651,387,http://imdb.org/genDrama
http://imdb.org/mov0009467,692,http://imdb.org/genRomance
http://imdb.org/mov0013597,836,http://imdb.org/genDrama
http://imdb.org/mov0014229,368,http://imdb.org/genDrama
http://imdb.org/mov0014123,84,http://imdb.org/genDrama
http://imdb.org/mov0010900,754,http://imdb.org/genRomance
http://imdb.org/mov0010083,1120,http://imdb.org/genComedy
http://imdb.org/mov0009129,1261,http://imdb.org/genDrama
http://imdb.org/mov0008980,545,http://imdb.org/genDrama
http://imdb.org/mov0009917,563,http://imdb.org/genRomance
http://imdb.org/mov0016491,256,http://imdb.org/genRomance
http://imdb.org/mov0009078,327,http://imdb.org/genDrama
http://imdb.org/mov0006709,943,http://imdb.org/genComedy
http://imdb.org/mov0005645,1179,http://imdb.org/genDrama
http://imdb.org/mov0007643,1283,http://imdb.org/genComedy
http://imdb.org/mov0006473,1455,http://imdb.org/genDrama
http://imdb.org/mov0012434,45,http://imdb.org/genRomance
http://imdb.org/mov0010385,908,http://imdb.org/genComedy
http://imdb.org/mov0012963,1370,http://imdb.org/genDrama
http://imdb.org/mov0013132,1281,http://imdb.org/genDrama
http://imdb.org/mov0009334,1472,http://imdb.org/genComedy
http://imdb.org/mov0001530,60,http://imdb.org/genDrama
http://imdb.org/mov0009753,4,http://imdb.org/genDrama
http://imdb.org/mov0013841,1201,http://imdb.org/genDrama
http://imdb.org/mov0012927,546,http://imdb.org/genComedy
http://imdb.org/mov0016029,1290,http://imdb.org/genRomance
http://imdb.org/mov0015931,456,http://imdb.org/genComedy
http://imdb.org/mov0012189,1409,http://imdb.org/genRomance
http://imdb.org/mov0006456,886,http://imdb.org/genRomance
http://imdb.org/mov0016494,802,http://imdb.org/genComedy
http://imdb.org/mov0007754,1336,http://imdb.org/genDrama
http://imdb.org/mov0007183,1111,http://imdb.org/genDrama
http://imdb.org/mov0009816,206,http://imdb.org/genDrama
http://imdb.org/mov0004681,66,http://imdb.org/genDrama
http://imdb.org/mov0013500,129,http://imdb.org/genThriller
http://imdb.org/mov0006221,399,http://imdb.org/genDrama
http://imdb.org/mov0014298,1371,http://imdb.org/genRomance
http://imdb.org/mov0006346,424,http://imdb.org/genDrama
http://imdb.org/mov0012114,358,http://imdb.org/genComedy
http://imdb.org/mov0009518,1391,http://imdb.org/genDrama
http://imdb.org/mov0013107,1473,http://imdb.org/genRomance
http://imdb.org/mov0014212,484,http://imdb.org/genComedy
http://imdb.org/mov0007279,1125,http://imdb.org/genDrama
http://imdb.org/mov0014952,44,http://imdb.org/genRomance
http://imdb.org/mov0007304,431,http://imdb.org/genDrama
http://imdb.org/mov0014291,1456,http://imdb.org/genDrama
http://imdb.org/mov0007207,92,http://imdb.org/genDrama
http://imdb.org/mov0010209,992,http://imdb.org/genDrama
http://imdb.org/mov0007467,1267,http://imdb.org/genDrama
http://imdb.org/mov0016423,213,http://imdb.org/genRomance
http://imdb.org/mov0012479,1497,http://imdb.org/genDrama
http://imdb.org/mov0005149,687,http://imdb.org/genDrama
http://imdb.org/mov0011419,515,http://imdb.org/genComedy
http://imdb.org/mov0015503,128,http://imdb.org/genDrama
http://imdb.org/mov0005250,655,http://imdb.org/genDrama
http://imdb.org/mov0012275,882,http://imdb.org/genDrama
http://imdb.org/mov0004226,1131,http://imdb.org/genComedy
http://imdb.org/mov0015429,295,http://imdb.org/genDrama
http://imdb.org/mov0007625,948,http://imdb.org/genComedy
http://imdb.org/mov0005409,1296,http://imdb.org/genDrama
http://imdb.org/mov0009289,351,http://imdb.org/genDrama
http://imdb.org/mov0010184,360,http://imdb.org/genRomance
http://imdb.org/mov0015141,872,http://imdb.org/genDrama
http://imdb.org/mov0011583,1340,http://imdb.org/genDrama
http://imdb.org/mov0016510,389,http://imdb.org/genDrama
http://imdb.org/mov0007654,1477,http://imdb.org/genComedy
http://imdb.org/mov0008917,783,http://imdb.org/genDrama
http://imdb.org/mov0006994,1130,http://imdb.org/genDrama
http://imdb.org/mov0009795,194,http://imdb.org/genDrama
http://imdb.org/mov0015152,279,http://imdb.org/genRomance
http://imdb.org/mov0012553,539,http://imdb.org/genDrama
http://imdb.org/mov0004384,1419,http://imdb.org/genDrama
http://imdb.org/mov0010907,477,http://imdb.org/genDrama
http://imdb.org/mov0006196,1318,http://imdb.org/genDrama
http://imdb.org/mov0010490,1028,http://imdb.org/genDrama
http://imdb.org/mov0010048,1078,http://imdb.org/genRomance
http://imdb.org/mov0010764,565,http://imdb.org/genDrama
http://imdb.org/mov0008893,1300,http://imdb.org/genDrama
http://imdb.org/mov0013933,1195,http://imdb.org/genRomance
http://imdb.org/mov0011302,62,http://imdb.org/genDrama
http://imdb.org/mov0010823,1381,http://imdb.org/genDrama
http://imdb.org/mov0007984,1099,http://imdb.org/genDrama
http://imdb.org/mov0007514,523,http://imdb.org/genComedy
http://imdb.org/mov0015662,409,http://imdb.org/genRomance
http://imdb.org/mov0006846,1405,http://imdb.org/genDrama
http://imdb.org/mov0015406,433,http://imdb.org/genDrama
http://imdb.org/mov0015495,1253,http://imdb.org/genDrama
http://imdb.org/mov0017004,963,http://imdb.org/genRomance
http://imdb.org/mov0015235,1128,http://imdb.org/genDrama
http://imdb.org/mov0011779,455,http://imdb.org/genDrama
http://imdb.org/mov0007093,611,http://imdb.org/genDrama
http://imdb.org/mov0013874,1487,http://imdb.org/genComedy
http://imdb.org/mov0015684,1428,http://imdb.org/genDrama
http://imdb.org/mov0008597,1151,http://imdb.org/genDrama
http://imdb.org/mov0001277,1124,http://imdb.org/genDrama
http://imdb.org/mov0004701,744,http://imdb.org/genDrama
http://imdb.org/mov0012337,1070,http://imdb.org/genRomance
http://imdb.org/mov0011296,953,http://imdb.org/genDrama
http://imdb.org/mov0015497,428,http://imdb.org/genDrama
http://imdb.org/mov0007856,627,http://imdb.org/genDrama
http://imdb.org/mov0013282,1135,http://imdb.org/genComedy
http://imdb.org/mov0013647,308,http://imdb.org/genDrama
http://imdb.org/mov0005300,9,http://imdb.org/genDrama
http://imdb.org/mov0008248,339,http://imdb.org/genComedy
http://imdb.org/mov0015631,516,http://imdb.org/genDrama
http://imdb.org/mov0005049,163,http://imdb.org/genDrama
http://imdb.org/mov0005559,137,http://imdb.org/genDrama
http://imdb.org/mov0008827,7,http://imdb.org/genRomance
http://imdb.org/mov0016212,352,http://imdb.org/genComedy
http://imdb.org/mov0007619,48,http://imdb.org/genComedy
http://imdb.org/mov0007506,415,http://imdb.org/genDrama
http://imdb.org/mov0008447,905,http://imdb.org/genComedy
http://imdb.org/mov0004977,104,http://imdb.org/genComedy
http://imdb.org/mov0006475,846,http://imdb.org/genDrama
http://imdb.org/mov0014628,1248,http://imdb.org/genComedy
http://imdb.org/mov0008858,1237,http://imdb.org/genDrama
http://imdb.org/mov0012173,821,http://imdb.org/genRomance
http://imdb.org/mov0011039,434,http://imdb.org/genDrama
http://imdb.org/mov0009448,538,http://imdb.org/genComedy
http://imdb.org/mov0016523,142,http://imdb.org/genDrama
http://imdb.org/mov0015784,1411,http://imdb.org/genRomance
http://imdb.org/mov0008170,892,http://imdb.org/genDrama
http://imdb.org/mov0009649,496,http://imdb.org/genDrama
http://imdb.org/mov0009988,712,http://imdb.org/genDrama
http://imdb.org/mov0013776,1356,http://imdb.org/genDrama
http://imdb.org/mov0011000,1172,http://imdb.org/genDrama
http://imdb.org/mov0011332,160,http://imdb.org/genDrama
http://imdb.org/mov0007840,938,http://imdb.org/genDrama
http://imdb.org/mov0013229,1322,http://imdb.org/genRomance
http://imdb.org/mov0006827,890,http://imdb.org/genDrama
http://imdb.org/mov0015178,257,http://imdb.org/genRomance
